/*!999999\- enable the sandbox mode */ 
-- MariaDB dump 10.19  Distrib 10.6.18-MariaDB, for debian-linux-gnu (x86_64)
--
-- Host: 192.168.0.101    Database: soho_game
-- ------------------------------------------------------
-- Server version	10.3.32-MariaDB

/*!40101 SET @OLD_CHARACTER_SET_CLIENT=@@CHARACTER_SET_CLIENT */;
/*!40101 SET @OLD_CHARACTER_SET_RESULTS=@@CHARACTER_SET_RESULTS */;
/*!40101 SET @OLD_COLLATION_CONNECTION=@@COLLATION_CONNECTION */;
/*!40101 SET NAMES utf8mb4 */;
/*!40103 SET @OLD_TIME_ZONE=@@TIME_ZONE */;
/*!40103 SET TIME_ZONE='+00:00' */;
/*!40014 SET @OLD_UNIQUE_CHECKS=@@UNIQUE_CHECKS, UNIQUE_CHECKS=0 */;
/*!40014 SET @OLD_FOREIGN_KEY_CHECKS=@@FOREIGN_KEY_CHECKS, FOREIGN_KEY_CHECKS=0 */;
/*!40101 SET @OLD_SQL_MODE=@@SQL_MODE, SQL_MODE='NO_AUTO_VALUE_ON_ZERO' */;
/*!40111 SET @OLD_SQL_NOTES=@@SQL_NOTES, SQL_NOTES=0 */;

--
-- Table structure for table `game_info`
--

DROP TABLE IF EXISTS `game_info`;
/*!40101 SET @saved_cs_client     = @@character_set_client */;
/*!40101 SET character_set_client = utf8 */;
CREATE TABLE `game_info` (
  `id` int(11) NOT NULL AUTO_INCREMENT,
  `name` varchar(255) DEFAULT NULL COMMENT '游戏名称',
  `title` varchar(255) DEFAULT NULL COMMENT '游戏标题',
  `logo` varchar(255) DEFAULT NULL COMMENT '游戏LOGO',
  `updated_time` datetime DEFAULT NULL COMMENT '更新时间',
  `created_time` datetime DEFAULT NULL COMMENT '创建时间',
  PRIMARY KEY (`id`)
) ENGINE=InnoDB AUTO_INCREMENT=12 DEFAULT CHARSET=utf8;
/*!40101 SET character_set_client = @saved_cs_client */;

--
-- Dumping data for table `game_info`
--

LOCK TABLES `game_info` WRITE;
/*!40000 ALTER TABLE `game_info` DISABLE KEYS */;
INSERT INTO `game_info` VALUES (1,'snake','贪吃蛇','https://igogo-test.oss-cn-shenzhen.aliyuncs.com/admin/avatar/2026_1_22_526849769146945536.png','2026-01-22 21:31:24','2020-01-01 00:00:00'),(4,'测试','测试',NULL,'2025-09-21 02:46:20','2025-09-21 02:46:20');
/*!40000 ALTER TABLE `game_info` ENABLE KEYS */;
UNLOCK TABLES;

--
-- Table structure for table `game_snake_player_profile`
--

DROP TABLE IF EXISTS `game_snake_player_profile`;
/*!40101 SET @saved_cs_client     = @@character_set_client */;
/*!40101 SET character_set_client = utf8 */;
CREATE TABLE `game_snake_player_profile` (
  `id` bigint(20) NOT NULL AUTO_INCREMENT,
  `user_id` bigint(20) NOT NULL COMMENT '玩家ID',
  `revive_cards` int(11) NOT NULL DEFAULT 0 COMMENT '复活卡数量',
  `updated_time` datetime DEFAULT NULL COMMENT '更新时间',
  `created_time` datetime DEFAULT NULL COMMENT '创建时间',
  PRIMARY KEY (`id`),
  UNIQUE KEY `uk_snake_player_profile_player_id` (`user_id`)
) ENGINE=InnoDB AUTO_INCREMENT=6 DEFAULT CHARSET=utf8mb4 COMMENT='贪吃蛇用户属性;;apis:admin/admin_id.details/list/batch/create/update/delete/option/exportExcel/importExcel';
/*!40101 SET character_set_client = @saved_cs_client */;

--
-- Dumping data for table `game_snake_player_profile`
--

LOCK TABLES `game_snake_player_profile` WRITE;
/*!40000 ALTER TABLE `game_snake_player_profile` DISABLE KEYS */;
INSERT INTO `game_snake_player_profile` VALUES (2,2,0,'2015-01-01 00:00:00','2015-01-01 00:00:00'),(3,1,0,'2026-01-22 19:27:37','2026-01-22 19:27:37'),(4,18,0,'2026-01-23 23:21:57','2026-01-23 23:21:57'),(5,21,0,'2026-01-24 22:36:51','2026-01-24 22:36:51');
/*!40000 ALTER TABLE `game_snake_player_profile` ENABLE KEYS */;
UNLOCK TABLES;

--
-- Table structure for table `game_word_match_battle`
--

DROP TABLE IF EXISTS `game_word_match_battle`;
/*!40101 SET @saved_cs_client     = @@character_set_client */;
/*!40101 SET character_set_client = utf8 */;
CREATE TABLE `game_word_match_battle` (
  `id` bigint(20) NOT NULL AUTO_INCREMENT,
  `room_id` varchar(64) NOT NULL,
  `mode` varchar(32) DEFAULT NULL,
  `status` varchar(32) DEFAULT NULL,
  `winner_id` varchar(64) DEFAULT NULL,
  `end_reason` varchar(64) DEFAULT NULL,
  `scores_json` longtext DEFAULT NULL,
  `started_at` datetime DEFAULT NULL,
  `ended_at` datetime DEFAULT NULL,
  `updated_time` datetime DEFAULT NULL,
  `created_time` datetime DEFAULT NULL,
  PRIMARY KEY (`id`),
  UNIQUE KEY `uk_room_id` (`room_id`),
  KEY `idx_status` (`status`),
  KEY `idx_started_at` (`started_at`)
) ENGINE=InnoDB AUTO_INCREMENT=51 DEFAULT CHARSET=utf8mb4;
/*!40101 SET character_set_client = @saved_cs_client */;

--
-- Dumping data for table `game_word_match_battle`
--

LOCK TABLES `game_word_match_battle` WRITE;
/*!40000 ALTER TABLE `game_word_match_battle` DISABLE KEYS */;
INSERT INTO `game_word_match_battle` VALUES (1,'0d24abdc-46ce-438f-b502-ab2e19799e10','SOLO','RUNNING',NULL,NULL,NULL,'2026-01-29 21:00:39',NULL,'2026-01-29 21:00:38','2026-01-29 21:00:38'),(2,'b9b044f8-a77b-44bf-9631-5235c67ed121','SOLO','RUNNING',NULL,NULL,NULL,'2026-01-29 21:02:33',NULL,'2026-01-29 21:02:33','2026-01-29 21:02:33'),(3,'53b71695-74e0-4b8f-9601-48379241c57a','SOLO','RUNNING',NULL,NULL,NULL,'2026-01-29 21:12:59',NULL,'2026-01-29 21:12:59','2026-01-29 21:12:59'),(4,'4c5e79fc-0293-4b5a-a801-f07a4e6e0ee8','SOLO','RUNNING',NULL,NULL,NULL,'2026-01-29 21:16:32',NULL,'2026-01-29 21:16:32','2026-01-29 21:16:32'),(5,'ae33f454-32cd-43cc-a7d9-f23cf4bceb94','SOLO','RUNNING',NULL,NULL,NULL,'2026-01-29 21:34:10',NULL,'2026-01-29 21:34:10','2026-01-29 21:34:10'),(6,'5d46b19e-56c1-482a-ad7b-aeaac9c31135','SOLO','RUNNING',NULL,NULL,NULL,'2026-01-29 21:35:18',NULL,'2026-01-29 21:35:18','2026-01-29 21:35:18'),(7,'13619186-fdb4-4bfc-98d4-ad0ab4ce7690','SOLO','RUNNING',NULL,NULL,NULL,'2026-01-29 21:35:29',NULL,'2026-01-29 21:35:29','2026-01-29 21:35:29'),(8,'bb656990-c042-4dd5-a5b2-89bd03fe22aa','SOLO','RUNNING',NULL,NULL,NULL,'2026-01-29 21:36:01',NULL,'2026-01-29 21:36:00','2026-01-29 21:36:00'),(9,'2d4f4e5e-d1a9-4c42-a044-341905e81884','SOLO','RUNNING',NULL,NULL,NULL,'2026-01-29 21:43:19',NULL,'2026-01-29 21:43:19','2026-01-29 21:43:19'),(10,'0812c8ee-d3da-43d6-a0af-8bdcee028eee','SOLO','RUNNING',NULL,NULL,NULL,'2026-01-29 21:44:52',NULL,'2026-01-29 21:44:52','2026-01-29 21:44:52'),(11,'65ad618e-6cc4-47b6-80de-8a9ad7238004','SOLO','RUNNING',NULL,NULL,NULL,'2026-01-29 21:44:55',NULL,'2026-01-29 21:44:55','2026-01-29 21:44:55'),(12,'5d0179f6-12be-4fc8-b9c8-b471b33b9aca','SOLO','RUNNING',NULL,NULL,NULL,'2026-01-29 21:44:59',NULL,'2026-01-29 21:44:59','2026-01-29 21:44:59'),(13,'d7a0a64f-26bb-43ff-8934-b2b47d4fc586','SOLO','RUNNING',NULL,NULL,NULL,'2026-01-29 21:45:21',NULL,'2026-01-29 21:45:20','2026-01-29 21:45:20'),(14,'5b9b30e9-1fbd-4ba6-8b51-076882f8b820','SOLO','RUNNING',NULL,NULL,NULL,'2026-01-29 21:46:28',NULL,'2026-01-29 21:46:28','2026-01-29 21:46:28'),(15,'7e36d03f-4b28-4e7d-a4f1-ddab59b78039','SOLO','RUNNING',NULL,NULL,NULL,'2026-01-29 21:47:02',NULL,'2026-01-29 21:47:02','2026-01-29 21:47:02'),(16,'a8dfd3bd-8120-47fa-b0e9-b04e23deb3c6','SOLO','RUNNING',NULL,NULL,NULL,'2026-01-29 21:47:03',NULL,'2026-01-29 21:47:03','2026-01-29 21:47:03'),(17,'18e06d7a-e85f-4d88-a7b5-daafd46ad5f8','SOLO','RUNNING',NULL,NULL,NULL,'2026-01-29 21:47:43',NULL,'2026-01-29 21:47:43','2026-01-29 21:47:43'),(18,'b350d82a-c675-40c0-b99b-e265422911ab','SOLO','RUNNING',NULL,NULL,NULL,'2026-01-29 21:47:47',NULL,'2026-01-29 21:47:47','2026-01-29 21:47:47'),(19,'d79ea320-77f9-4426-a8f0-62377d001942','SOLO','RUNNING',NULL,NULL,NULL,'2026-01-29 21:47:51',NULL,'2026-01-29 21:47:51','2026-01-29 21:47:51'),(20,'d42a6da4-7f40-4d79-9c58-6712419b4e6f','SOLO','RUNNING',NULL,NULL,NULL,'2026-01-29 21:47:55',NULL,'2026-01-29 21:47:55','2026-01-29 21:47:55'),(21,'f6527e58-fec8-4e74-aca2-bd5eb252787b','SOLO','RUNNING',NULL,NULL,NULL,'2026-01-29 21:47:58',NULL,'2026-01-29 21:47:58','2026-01-29 21:47:58'),(22,'9ff56e9b-7e0c-4ecf-ab23-1aafc7dc9fff','SOLO','RUNNING',NULL,NULL,NULL,'2026-01-29 21:49:51',NULL,'2026-01-29 21:49:51','2026-01-29 21:49:51'),(23,'356e62a1-ba51-4e61-a3b0-077b7145d4e2','SOLO','RUNNING',NULL,NULL,NULL,'2026-01-29 21:57:03',NULL,'2026-01-29 21:57:02','2026-01-29 21:57:02'),(24,'7b736878-6828-4874-9149-9f41fdd735b4','SOLO','RUNNING',NULL,NULL,NULL,'2026-01-29 22:02:21',NULL,'2026-01-29 22:02:21','2026-01-29 22:02:21'),(25,'1e3fecad-3ae9-41d0-9896-2b59d1bef3f9','SOLO','RUNNING',NULL,NULL,NULL,'2026-01-29 22:02:45',NULL,'2026-01-29 22:02:42','2026-01-29 22:02:42'),(26,'c4377c78-2a5c-4bf1-9ceb-9ba6fa39fab5','SOLO','RUNNING',NULL,NULL,NULL,'2026-01-29 22:02:58',NULL,'2026-01-29 22:02:58','2026-01-29 22:02:58'),(27,'7ac50cdb-2616-4025-b4e6-22362b655a68','SOLO','RUNNING',NULL,NULL,NULL,'2026-01-29 22:04:38',NULL,'2026-01-29 22:04:38','2026-01-29 22:04:38'),(28,'7197a435-2540-425e-a734-8105442bfb8a','SOLO','RUNNING',NULL,NULL,NULL,'2026-01-29 22:05:42',NULL,'2026-01-29 22:05:42','2026-01-29 22:05:42'),(29,'bbd883df-92d5-4009-96c5-95274d1ac24e','SOLO','RUNNING',NULL,NULL,NULL,'2026-01-29 22:05:46',NULL,'2026-01-29 22:05:46','2026-01-29 22:05:46'),(30,'a16d7c07-9c14-4728-9129-e80b31a6ae07','SOLO','RUNNING',NULL,NULL,NULL,'2026-01-29 22:05:47',NULL,'2026-01-29 22:05:47','2026-01-29 22:05:47'),(31,'dfebc4b7-18f5-4918-af3b-932b1f04a319','SOLO','RUNNING',NULL,NULL,NULL,'2026-01-29 22:06:39',NULL,'2026-01-29 22:06:39','2026-01-29 22:06:39'),(32,'cf533888-4584-46b2-a73f-3f7c3cc4cd82','SOLO','RUNNING',NULL,NULL,NULL,'2026-01-29 22:06:50',NULL,'2026-01-29 22:06:49','2026-01-29 22:06:49'),(33,'7bd34515-8b0a-4ac2-a8db-7f0dba43c0ca','SOLO','RUNNING',NULL,NULL,NULL,'2026-01-29 22:07:00',NULL,'2026-01-29 22:06:59','2026-01-29 22:06:59'),(34,'605e6b90-5045-446d-935c-4655ee432bd1','SOLO','RUNNING',NULL,NULL,NULL,'2026-01-29 22:07:03',NULL,'2026-01-29 22:07:03','2026-01-29 22:07:03'),(35,'8be7086f-23a8-4f61-9455-a2c8a77cbbdb','SOLO','RUNNING',NULL,NULL,NULL,'2026-01-29 22:07:07',NULL,'2026-01-29 22:07:07','2026-01-29 22:07:07'),(36,'b5028498-1f56-42fb-9c9c-2ceea31e47d1','SOLO','RUNNING',NULL,NULL,NULL,'2026-01-29 22:07:10',NULL,'2026-01-29 22:07:10','2026-01-29 22:07:10'),(37,'713f231f-8f7d-4511-bca2-6323b4730d6f','SOLO','RUNNING',NULL,NULL,NULL,'2026-01-29 22:07:13',NULL,'2026-01-29 22:07:13','2026-01-29 22:07:13'),(38,'e1b4ecd7-b11e-4950-999e-e5b39d868318','SOLO','RUNNING',NULL,NULL,NULL,'2026-01-29 22:07:16',NULL,'2026-01-29 22:07:15','2026-01-29 22:07:15'),(39,'9146b416-ec34-45c3-9d99-ca659e09d711','SOLO','RUNNING',NULL,NULL,NULL,'2026-01-29 22:07:29',NULL,'2026-01-29 22:07:29','2026-01-29 22:07:29'),(40,'5615f244-f889-40e3-91cb-28fac8afb637','SOLO','RUNNING',NULL,NULL,NULL,'2026-01-29 22:12:06',NULL,'2026-01-29 22:12:05','2026-01-29 22:12:05'),(41,'3b52d007-d8bc-46d9-80da-63eb8969a137','SOLO','RUNNING',NULL,NULL,NULL,'2026-01-29 22:19:32',NULL,'2026-01-29 22:19:31','2026-01-29 22:19:31'),(42,'03058ae3-298c-41dd-a23a-8bec2e46b22e','SOLO','RUNNING',NULL,NULL,NULL,'2026-01-29 22:21:14',NULL,'2026-01-29 22:21:13','2026-01-29 22:21:13'),(43,'70359f15-22ca-4dda-a354-f9fbc177953b','SOLO','RUNNING',NULL,NULL,NULL,'2026-01-29 22:25:28',NULL,'2026-01-29 22:25:28','2026-01-29 22:25:28'),(44,'47228ffc-84cf-4579-b8c9-4a0de1a68c27','SOLO','RUNNING',NULL,NULL,NULL,'2026-01-29 22:27:43',NULL,'2026-01-29 22:27:42','2026-01-29 22:27:42'),(45,'cd440543-5f4d-4b64-91c9-87e89703f22f','SOLO','RUNNING',NULL,NULL,NULL,'2026-01-30 14:33:21',NULL,'2026-01-30 14:33:20','2026-01-30 14:33:20'),(46,'2036b882-1c46-48e7-89b4-991c9c841d15','SOLO','RUNNING',NULL,NULL,NULL,'2026-01-30 14:34:05',NULL,'2026-01-30 14:34:05','2026-01-30 14:34:05'),(47,'aa01e2b9-ab85-4f6b-8550-83c061671928','SOLO','RUNNING',NULL,NULL,NULL,'2026-01-30 14:39:00',NULL,'2026-01-30 14:39:00','2026-01-30 14:39:00'),(48,'ae5a81ad-e6ee-4620-9310-d53a8c333b0c','SOLO','RUNNING',NULL,NULL,NULL,'2026-01-30 14:53:34',NULL,'2026-01-30 14:53:34','2026-01-30 14:53:34'),(49,'2b248065-2d77-4597-8e55-92867bbb7461','SOLO','RUNNING',NULL,NULL,NULL,'2026-01-30 14:54:40',NULL,'2026-01-30 14:54:40','2026-01-30 14:54:40'),(50,'6deea511-be0c-45d4-a474-de7060bdc7ce','SOLO','RUNNING',NULL,NULL,NULL,'2026-01-30 15:09:12',NULL,'2026-01-30 15:09:12','2026-01-30 15:09:12');
/*!40000 ALTER TABLE `game_word_match_battle` ENABLE KEYS */;
UNLOCK TABLES;

--
-- Table structure for table `game_word_match_battle_event`
--

DROP TABLE IF EXISTS `game_word_match_battle_event`;
/*!40101 SET @saved_cs_client     = @@character_set_client */;
/*!40101 SET character_set_client = utf8 */;
CREATE TABLE `game_word_match_battle_event` (
  `id` bigint(20) NOT NULL AUTO_INCREMENT,
  `battle_id` bigint(20) DEFAULT NULL,
  `room_id` varchar(64) DEFAULT NULL,
  `seq` bigint(20) DEFAULT NULL,
  `type` varchar(64) DEFAULT NULL,
  `payload_json` longtext DEFAULT NULL,
  `created_time` datetime DEFAULT NULL,
  PRIMARY KEY (`id`),
  KEY `idx_battle_seq` (`battle_id`,`seq`),
  KEY `idx_room_id` (`room_id`)
) ENGINE=InnoDB AUTO_INCREMENT=229 DEFAULT CHARSET=utf8mb4;
/*!40101 SET character_set_client = @saved_cs_client */;

--
-- Dumping data for table `game_word_match_battle_event`
--

LOCK TABLES `game_word_match_battle_event` WRITE;
/*!40000 ALTER TABLE `game_word_match_battle_event` DISABLE KEYS */;
INSERT INTO `game_word_match_battle_event` VALUES (1,1,'0d24abdc-46ce-438f-b502-ab2e19799e10',1,'MATCH_START','{\"roomId\":\"0d24abdc-46ce-438f-b502-ab2e19799e10\",\"mode\":\"SOLO\",\"status\":\"RUNNING\",\"maxPlayers\":1,\"players\":[\"2\"],\"scores\":{\"2\":0}}','2026-01-29 21:00:39'),(2,1,'0d24abdc-46ce-438f-b502-ab2e19799e10',2,'WORD_CLEAR','{\"request\":{\"roomId\":\"0d24abdc-46ce-438f-b502-ab2e19799e10\",\"playerId\":\"2\",\"word\":\"P\",\"wordLevel\":\"CET4\"},\"response\":{\"accepted\":false,\"scoreDelta\":0,\"combo\":0,\"message\":\"invalid word\",\"boardDelta\":null}}','2026-01-29 21:00:51'),(3,1,'0d24abdc-46ce-438f-b502-ab2e19799e10',3,'WORD_CLEAR','{\"request\":{\"roomId\":\"0d24abdc-46ce-438f-b502-ab2e19799e10\",\"playerId\":\"2\",\"word\":\"i\",\"wordLevel\":\"CET4\"},\"response\":{\"accepted\":false,\"scoreDelta\":0,\"combo\":0,\"message\":\"invalid word\",\"boardDelta\":null}}','2026-01-29 21:01:06'),(4,1,'0d24abdc-46ce-438f-b502-ab2e19799e10',4,'WORD_CLEAR','{\"request\":{\"roomId\":\"0d24abdc-46ce-438f-b502-ab2e19799e10\",\"playerId\":\"2\",\"word\":\"z\",\"wordLevel\":\"CET4\"},\"response\":{\"accepted\":false,\"scoreDelta\":0,\"combo\":0,\"message\":\"invalid word\",\"boardDelta\":null}}','2026-01-29 21:01:09'),(5,1,'0d24abdc-46ce-438f-b502-ab2e19799e10',5,'WORD_CLEAR','{\"request\":{\"roomId\":\"0d24abdc-46ce-438f-b502-ab2e19799e10\",\"playerId\":\"2\",\"word\":\"e\",\"wordLevel\":\"CET4\"},\"response\":{\"accepted\":false,\"scoreDelta\":0,\"combo\":0,\"message\":\"invalid word\",\"boardDelta\":null}}','2026-01-29 21:01:09'),(6,1,'0d24abdc-46ce-438f-b502-ab2e19799e10',6,'WORD_CLEAR','{\"request\":{\"roomId\":\"0d24abdc-46ce-438f-b502-ab2e19799e10\",\"playerId\":\"2\",\"word\":\"apple\",\"wordLevel\":\"CET4\"},\"response\":{\"accepted\":false,\"scoreDelta\":0,\"combo\":0,\"message\":\"invalid word\",\"boardDelta\":null}}','2026-01-29 21:01:20'),(7,1,'0d24abdc-46ce-438f-b502-ab2e19799e10',7,'WORD_CLEAR','{\"request\":{\"roomId\":\"0d24abdc-46ce-438f-b502-ab2e19799e10\",\"playerId\":\"2\",\"word\":\"new\",\"wordLevel\":\"CET4\"},\"response\":{\"accepted\":false,\"scoreDelta\":0,\"combo\":0,\"message\":\"invalid word\",\"boardDelta\":null}}','2026-01-29 21:02:08'),(8,2,'b9b044f8-a77b-44bf-9631-5235c67ed121',1,'MATCH_START','{\"roomId\":\"b9b044f8-a77b-44bf-9631-5235c67ed121\",\"mode\":\"SOLO\",\"status\":\"RUNNING\",\"maxPlayers\":1,\"players\":[\"2\"],\"scores\":{\"2\":0}}','2026-01-29 21:02:33'),(9,2,'b9b044f8-a77b-44bf-9631-5235c67ed121',2,'WORD_CLEAR','{\"request\":{\"roomId\":\"b9b044f8-a77b-44bf-9631-5235c67ed121\",\"playerId\":\"2\",\"word\":\"test\",\"wordLevel\":\"CET4\"},\"response\":{\"accepted\":false,\"scoreDelta\":0,\"combo\":0,\"message\":\"invalid word\",\"boardDelta\":null}}','2026-01-29 21:03:29'),(10,2,'b9b044f8-a77b-44bf-9631-5235c67ed121',3,'WORD_CLEAR','{\"request\":{\"roomId\":\"b9b044f8-a77b-44bf-9631-5235c67ed121\",\"playerId\":\"2\",\"word\":\"quit\",\"wordLevel\":\"CET4\"},\"response\":{\"accepted\":false,\"scoreDelta\":0,\"combo\":0,\"message\":\"invalid word\",\"boardDelta\":null}}','2026-01-29 21:10:36'),(11,3,'53b71695-74e0-4b8f-9601-48379241c57a',1,'MATCH_START','{\"roomId\":\"53b71695-74e0-4b8f-9601-48379241c57a\",\"mode\":\"SOLO\",\"status\":\"RUNNING\",\"maxPlayers\":1,\"players\":[\"2\"],\"scores\":{\"2\":0}}','2026-01-29 21:12:59'),(12,3,'53b71695-74e0-4b8f-9601-48379241c57a',2,'WORD_CLEAR','{\"request\":{\"roomId\":\"53b71695-74e0-4b8f-9601-48379241c57a\",\"playerId\":\"2\",\"word\":\"arm\",\"wordLevel\":\"P1\"},\"response\":{\"accepted\":false,\"scoreDelta\":0,\"combo\":0,\"message\":\"word not on board\",\"boardDelta\":null}}','2026-01-29 21:13:22'),(13,3,'53b71695-74e0-4b8f-9601-48379241c57a',3,'WORD_CLEAR','{\"request\":{\"roomId\":\"53b71695-74e0-4b8f-9601-48379241c57a\",\"playerId\":\"2\",\"word\":\"head\",\"wordLevel\":\"P1\"},\"response\":{\"accepted\":false,\"scoreDelta\":0,\"combo\":0,\"message\":\"word not on board\",\"boardDelta\":null}}','2026-01-29 21:13:37'),(14,3,'53b71695-74e0-4b8f-9601-48379241c57a',4,'WORD_CLEAR','{\"request\":{\"roomId\":\"53b71695-74e0-4b8f-9601-48379241c57a\",\"playerId\":\"2\",\"word\":\"leg\",\"wordLevel\":\"P1\"},\"response\":{\"accepted\":false,\"scoreDelta\":0,\"combo\":0,\"message\":\"word not on board\",\"boardDelta\":null}}','2026-01-29 21:13:51'),(15,4,'4c5e79fc-0293-4b5a-a801-f07a4e6e0ee8',1,'MATCH_START','{\"roomId\":\"4c5e79fc-0293-4b5a-a801-f07a4e6e0ee8\",\"mode\":\"SOLO\",\"status\":\"RUNNING\",\"maxPlayers\":1,\"players\":[\"2\"],\"scores\":{\"2\":0}}','2026-01-29 21:16:32'),(16,4,'4c5e79fc-0293-4b5a-a801-f07a4e6e0ee8',2,'WORD_CLEAR','{\"request\":{\"roomId\":\"4c5e79fc-0293-4b5a-a801-f07a4e6e0ee8\",\"playerId\":\"2\",\"word\":\"help\",\"wordLevel\":\"P1\"},\"response\":{\"accepted\":false,\"scoreDelta\":0,\"combo\":0,\"message\":\"invalid word\",\"boardDelta\":null}}','2026-01-29 21:17:33'),(17,4,'4c5e79fc-0293-4b5a-a801-f07a4e6e0ee8',3,'WORD_CLEAR','{\"request\":{\"roomId\":\"4c5e79fc-0293-4b5a-a801-f07a4e6e0ee8\",\"playerId\":\"2\",\"word\":\"test\",\"wordLevel\":\"P1\"},\"response\":{\"accepted\":false,\"scoreDelta\":0,\"combo\":0,\"message\":\"invalid word\",\"boardDelta\":null}}','2026-01-29 21:17:36'),(18,4,'4c5e79fc-0293-4b5a-a801-f07a4e6e0ee8',4,'WORD_CLEAR','{\"request\":{\"roomId\":\"4c5e79fc-0293-4b5a-a801-f07a4e6e0ee8\",\"playerId\":\"2\",\"word\":\"bag\",\"wordLevel\":\"P1\"},\"response\":{\"accepted\":false,\"scoreDelta\":0,\"combo\":0,\"message\":\"word not on board\",\"boardDelta\":null}}','2026-01-29 21:18:06'),(19,4,'4c5e79fc-0293-4b5a-a801-f07a4e6e0ee8',5,'WORD_CLEAR','{\"request\":{\"roomId\":\"4c5e79fc-0293-4b5a-a801-f07a4e6e0ee8\",\"playerId\":\"2\",\"word\":\"egg\",\"wordLevel\":\"P1\"},\"response\":{\"accepted\":false,\"scoreDelta\":0,\"combo\":0,\"message\":\"word not on board\",\"boardDelta\":null}}','2026-01-29 21:18:27'),(20,4,'4c5e79fc-0293-4b5a-a801-f07a4e6e0ee8',6,'WORD_CLEAR','{\"request\":{\"roomId\":\"4c5e79fc-0293-4b5a-a801-f07a4e6e0ee8\",\"playerId\":\"2\",\"word\":\"pear\",\"wordLevel\":\"P1\"},\"response\":{\"accepted\":false,\"scoreDelta\":0,\"combo\":0,\"message\":\"word not on board\",\"boardDelta\":null}}','2026-01-29 21:18:45'),(21,4,'4c5e79fc-0293-4b5a-a801-f07a4e6e0ee8',7,'WORD_CLEAR','{\"request\":{\"roomId\":\"4c5e79fc-0293-4b5a-a801-f07a4e6e0ee8\",\"playerId\":\"2\",\"word\":\"p\",\"wordLevel\":\"P1\"},\"response\":{\"accepted\":false,\"scoreDelta\":0,\"combo\":0,\"message\":\"invalid word\",\"boardDelta\":null}}','2026-01-29 21:19:08'),(22,4,'4c5e79fc-0293-4b5a-a801-f07a4e6e0ee8',8,'WORD_CLEAR','{\"request\":{\"roomId\":\"4c5e79fc-0293-4b5a-a801-f07a4e6e0ee8\",\"playerId\":\"2\",\"word\":\"P\",\"wordLevel\":\"P1\"},\"response\":{\"accepted\":false,\"scoreDelta\":0,\"combo\":0,\"message\":\"invalid word\",\"boardDelta\":null}}','2026-01-29 21:19:10'),(23,4,'4c5e79fc-0293-4b5a-a801-f07a4e6e0ee8',9,'ATTACK','{\"roomId\":\"4c5e79fc-0293-4b5a-a801-f07a4e6e0ee8\",\"fromPlayerId\":\"2\",\"targetPlayerId\":\"2\",\"attackType\":\"RESET_COMBO\",\"payload\":{\"resetCombo\":true}}','2026-01-29 21:27:23'),(24,4,'4c5e79fc-0293-4b5a-a801-f07a4e6e0ee8',10,'SKILL_CAST','{\"roomId\":\"4c5e79fc-0293-4b5a-a801-f07a4e6e0ee8\",\"playerId\":\"2\",\"skillCode\":\"FREEZE\"}','2026-01-29 21:27:31'),(25,5,'ae33f454-32cd-43cc-a7d9-f23cf4bceb94',1,'MATCH_START','{\"roomId\":\"ae33f454-32cd-43cc-a7d9-f23cf4bceb94\",\"mode\":\"SOLO\",\"status\":\"RUNNING\",\"maxPlayers\":1,\"players\":[\"2\"],\"scores\":{\"2\":0}}','2026-01-29 21:34:10'),(26,6,'5d46b19e-56c1-482a-ad7b-aeaac9c31135',1,'MATCH_START','{\"roomId\":\"5d46b19e-56c1-482a-ad7b-aeaac9c31135\",\"mode\":\"SOLO\",\"status\":\"RUNNING\",\"maxPlayers\":1,\"players\":[\"2\"],\"scores\":{\"2\":0}}','2026-01-29 21:35:19'),(27,7,'13619186-fdb4-4bfc-98d4-ad0ab4ce7690',1,'MATCH_START','{\"roomId\":\"13619186-fdb4-4bfc-98d4-ad0ab4ce7690\",\"mode\":\"SOLO\",\"status\":\"RUNNING\",\"maxPlayers\":1,\"players\":[\"2\"],\"scores\":{\"2\":0}}','2026-01-29 21:35:29'),(28,8,'bb656990-c042-4dd5-a5b2-89bd03fe22aa',1,'MATCH_START','{\"roomId\":\"bb656990-c042-4dd5-a5b2-89bd03fe22aa\",\"mode\":\"SOLO\",\"status\":\"RUNNING\",\"maxPlayers\":1,\"players\":[\"2\"],\"scores\":{\"2\":0}}','2026-01-29 21:36:01'),(29,9,'2d4f4e5e-d1a9-4c42-a044-341905e81884',1,'MATCH_START','{\"roomId\":\"2d4f4e5e-d1a9-4c42-a044-341905e81884\",\"mode\":\"SOLO\",\"status\":\"RUNNING\",\"maxPlayers\":1,\"players\":[\"2\"],\"scores\":{\"2\":0}}','2026-01-29 21:43:20'),(30,10,'0812c8ee-d3da-43d6-a0af-8bdcee028eee',1,'MATCH_START','{\"roomId\":\"0812c8ee-d3da-43d6-a0af-8bdcee028eee\",\"mode\":\"SOLO\",\"status\":\"RUNNING\",\"maxPlayers\":1,\"players\":[\"2\"],\"scores\":{\"2\":0}}','2026-01-29 21:44:52'),(31,11,'65ad618e-6cc4-47b6-80de-8a9ad7238004',1,'MATCH_START','{\"roomId\":\"65ad618e-6cc4-47b6-80de-8a9ad7238004\",\"mode\":\"SOLO\",\"status\":\"RUNNING\",\"maxPlayers\":1,\"players\":[\"2\"],\"scores\":{\"2\":0}}','2026-01-29 21:44:55'),(32,12,'5d0179f6-12be-4fc8-b9c8-b471b33b9aca',1,'MATCH_START','{\"roomId\":\"5d0179f6-12be-4fc8-b9c8-b471b33b9aca\",\"mode\":\"SOLO\",\"status\":\"RUNNING\",\"maxPlayers\":1,\"players\":[\"2\"],\"scores\":{\"2\":0}}','2026-01-29 21:44:59'),(33,12,'5d0179f6-12be-4fc8-b9c8-b471b33b9aca',2,'WORD_CLEAR','{\"request\":{\"roomId\":\"5d0179f6-12be-4fc8-b9c8-b471b33b9aca\",\"playerId\":\"2\",\"word\":\"box\",\"wordLevel\":\"P1\"},\"response\":{\"accepted\":true,\"scoreDelta\":8,\"combo\":1,\"message\":\"accepted\",\"boardDelta\":{\"filled\":[],\"cleared\":[],\"board\":[[\"F\",\"Z\",\"T\",\"O\",\"Y\",\"W\",\"K\",\"M\"],[\"D\",\"V\",\"J\",\"B\",\"O\",\"K\",\"B\",\"F\"],[\"R\",\"I\",\"I\",\"H\",\"F\",\"Y\",\"Y\",\"T\"],[\"P\",\"I\",\"C\",\"J\",\"T\",\"N\",\"N\",\"J\"],[\"B\",\"J\",\"M\",\"J\",\"A\",\"K\",\"K\",\"X\"],[\"W\",\"J\",\"J\",\"I\",\"G\",\"O\",\"I\",\"Q\"],[\"M\",\"X\",\"W\",\"O\",\"R\",\"N\",\"A\",\"W\"],[\"Q\",\"P\",\"L\",\"E\",\"C\",\"Z\",\"P\",\"B\"]]}}}','2026-01-29 21:45:07'),(34,13,'d7a0a64f-26bb-43ff-8934-b2b47d4fc586',1,'MATCH_START','{\"roomId\":\"d7a0a64f-26bb-43ff-8934-b2b47d4fc586\",\"mode\":\"SOLO\",\"status\":\"RUNNING\",\"maxPlayers\":1,\"players\":[\"2\"],\"scores\":{\"2\":0}}','2026-01-29 21:45:21'),(35,13,'d7a0a64f-26bb-43ff-8934-b2b47d4fc586',2,'WORD_CLEAR','{\"request\":{\"roomId\":\"d7a0a64f-26bb-43ff-8934-b2b47d4fc586\",\"playerId\":\"2\",\"word\":\"egg\",\"wordLevel\":\"P1\"},\"response\":{\"accepted\":true,\"scoreDelta\":8,\"combo\":1,\"message\":\"accepted\",\"boardDelta\":{\"filled\":[],\"cleared\":[],\"board\":[[\"K\",\"O\",\"I\",\"Y\",\"Q\",\"K\",\"V\",\"Z\"],[\"F\",\"B\",\"M\",\"J\",\"N\",\"A\",\"C\",\"D\"],[\"U\",\"D\",\"T\",\"R\",\"H\",\"N\",\"G\",\"H\"],[\"C\",\"Z\",\"Z\",\"D\",\"D\",\"H\",\"F\",\"Z\"],[\"Z\",\"Y\",\"O\",\"R\",\"E\",\"O\",\"V\",\"A\"],[\"U\",\"N\",\"Y\",\"G\",\"G\",\"H\",\"T\",\"J\"],[\"Q\",\"V\",\"G\",\"U\",\"H\",\"T\",\"Q\",\"R\"],[\"U\",\"R\",\"B\",\"I\",\"V\",\"A\",\"X\",\"E\"]]}}}','2026-01-29 21:45:56'),(36,13,'d7a0a64f-26bb-43ff-8934-b2b47d4fc586',3,'WORD_CLEAR','{\"request\":{\"roomId\":\"d7a0a64f-26bb-43ff-8934-b2b47d4fc586\",\"playerId\":\"2\",\"word\":\"egg\",\"wordLevel\":\"P1\"},\"response\":{\"accepted\":true,\"scoreDelta\":10,\"combo\":2,\"message\":\"accepted\",\"boardDelta\":{\"filled\":[],\"cleared\":[],\"board\":[[\"B\",\"M\",\"E\",\"F\",\"U\",\"Q\",\"E\",\"W\"],[\"J\",\"P\",\"A\",\"K\",\"M\",\"Q\",\"J\",\"C\"],[\"G\",\"M\",\"D\",\"U\",\"C\",\"S\",\"G\",\"E\"],[\"U\",\"S\",\"G\",\"K\",\"X\",\"F\",\"A\",\"E\"],[\"F\",\"A\",\"K\",\"F\",\"V\",\"B\",\"X\",\"Q\"],[\"D\",\"O\",\"U\",\"Z\",\"Y\",\"J\",\"O\",\"S\"],[\"J\",\"V\",\"K\",\"M\",\"N\",\"G\",\"N\",\"O\"],[\"S\",\"X\",\"S\",\"X\",\"J\",\"I\",\"J\",\"H\"]]}}}','2026-01-29 21:46:21'),(37,14,'5b9b30e9-1fbd-4ba6-8b51-076882f8b820',1,'MATCH_START','{\"roomId\":\"5b9b30e9-1fbd-4ba6-8b51-076882f8b820\",\"mode\":\"SOLO\",\"status\":\"RUNNING\",\"maxPlayers\":1,\"players\":[\"2\"],\"scores\":{\"2\":0}}','2026-01-29 21:46:28'),(38,14,'5b9b30e9-1fbd-4ba6-8b51-076882f8b820',2,'WORD_CLEAR','{\"request\":{\"roomId\":\"5b9b30e9-1fbd-4ba6-8b51-076882f8b820\",\"playerId\":\"2\",\"word\":\"egg\",\"wordLevel\":\"P1\"},\"response\":{\"accepted\":true,\"scoreDelta\":8,\"combo\":1,\"message\":\"accepted\",\"boardDelta\":{\"filled\":[],\"cleared\":[],\"board\":[[\"K\",\"A\",\"F\",\"O\",\"U\",\"Z\",\"D\",\"X\"],[\"B\",\"R\",\"X\",\"J\",\"D\",\"T\",\"L\",\"X\"],[\"J\",\"R\",\"L\",\"L\",\"N\",\"T\",\"I\",\"U\"],[\"P\",\"H\",\"U\",\"W\",\"C\",\"A\",\"H\",\"Z\"],[\"D\",\"Q\",\"F\",\"B\",\"D\",\"X\",\"J\",\"I\"],[\"K\",\"E\",\"W\",\"H\",\"W\",\"O\",\"J\",\"M\"],[\"A\",\"P\",\"N\",\"V\",\"C\",\"L\",\"P\",\"G\"],[\"Y\",\"Q\",\"C\",\"P\",\"K\",\"T\",\"N\",\"Y\"]]}}}','2026-01-29 21:46:36'),(39,14,'5b9b30e9-1fbd-4ba6-8b51-076882f8b820',3,'WORD_CLEAR','{\"request\":{\"roomId\":\"5b9b30e9-1fbd-4ba6-8b51-076882f8b820\",\"playerId\":\"2\",\"word\":\"hat\",\"wordLevel\":\"P1\"},\"response\":{\"accepted\":true,\"scoreDelta\":10,\"combo\":2,\"message\":\"accepted\",\"boardDelta\":{\"filled\":[],\"cleared\":[],\"board\":[[\"G\",\"U\",\"Z\",\"A\",\"M\",\"S\",\"Q\",\"C\"],[\"Z\",\"P\",\"Q\",\"P\",\"C\",\"P\",\"H\",\"I\"],[\"F\",\"A\",\"R\",\"V\",\"B\",\"C\",\"H\",\"Y\"],[\"K\",\"R\",\"R\",\"H\",\"N\",\"T\",\"D\",\"I\"],[\"P\",\"J\",\"V\",\"I\",\"O\",\"H\",\"R\",\"Q\"],[\"G\",\"E\",\"G\",\"G\",\"T\",\"D\",\"N\",\"Y\"],[\"S\",\"Y\",\"F\",\"I\",\"P\",\"U\",\"L\",\"X\"],[\"P\",\"A\",\"Q\",\"P\",\"Z\",\"C\",\"G\",\"G\"]]}}}','2026-01-29 21:46:43'),(40,14,'5b9b30e9-1fbd-4ba6-8b51-076882f8b820',4,'WORD_CLEAR','{\"request\":{\"roomId\":\"5b9b30e9-1fbd-4ba6-8b51-076882f8b820\",\"playerId\":\"2\",\"word\":\"cup\",\"wordLevel\":\"P1\"},\"response\":{\"accepted\":true,\"scoreDelta\":12,\"combo\":3,\"message\":\"accepted\",\"boardDelta\":{\"filled\":[{\"x\":4,\"y\":0,\"value\":\"S\"},{\"x\":5,\"y\":1,\"value\":\"D\"},{\"x\":5,\"y\":0,\"value\":\"N\"}],\"cleared\":[{\"x\":5,\"y\":7,\"value\":null},{\"x\":5,\"y\":6,\"value\":null},{\"x\":4,\"y\":6,\"value\":null}],\"board\":[[\"G\",\"U\",\"Z\",\"A\",\"S\",\"N\",\"Q\",\"C\"],[\"Z\",\"P\",\"Q\",\"P\",\"M\",\"D\",\"H\",\"I\"],[\"F\",\"A\",\"R\",\"V\",\"C\",\"S\",\"H\",\"Y\"],[\"K\",\"R\",\"R\",\"H\",\"B\",\"P\",\"D\",\"I\"],[\"P\",\"J\",\"V\",\"I\",\"N\",\"C\",\"R\",\"Q\"],[\"G\",\"E\",\"G\",\"G\",\"O\",\"T\",\"N\",\"Y\"],[\"S\",\"Y\",\"F\",\"I\",\"T\",\"H\",\"L\",\"X\"],[\"P\",\"A\",\"Q\",\"P\",\"Z\",\"D\",\"G\",\"G\"]]}}}','2026-01-29 21:46:46'),(41,14,'5b9b30e9-1fbd-4ba6-8b51-076882f8b820',5,'WORD_CLEAR','{\"request\":{\"roomId\":\"5b9b30e9-1fbd-4ba6-8b51-076882f8b820\",\"playerId\":\"2\",\"word\":\"egg\",\"wordLevel\":\"P1\"},\"response\":{\"accepted\":true,\"scoreDelta\":14,\"combo\":4,\"message\":\"accepted\",\"boardDelta\":{\"filled\":[],\"cleared\":[],\"board\":[[\"Q\",\"Y\",\"X\",\"E\",\"J\",\"M\",\"Q\",\"A\"],[\"J\",\"E\",\"S\",\"B\",\"B\",\"V\",\"W\",\"J\"],[\"M\",\"Q\",\"N\",\"Z\",\"C\",\"P\",\"K\",\"C\"],[\"F\",\"R\",\"Q\",\"K\",\"E\",\"T\",\"B\",\"L\"],[\"Q\",\"G\",\"D\",\"J\",\"W\",\"Y\",\"E\",\"D\"],[\"U\",\"E\",\"O\",\"Y\",\"M\",\"D\",\"L\",\"X\"],[\"I\",\"G\",\"N\",\"S\",\"A\",\"S\",\"U\",\"Z\"],[\"P\",\"P\",\"U\",\"U\",\"O\",\"P\",\"U\",\"C\"]]}}}','2026-01-29 21:46:48'),(42,14,'5b9b30e9-1fbd-4ba6-8b51-076882f8b820',6,'WORD_CLEAR','{\"request\":{\"roomId\":\"5b9b30e9-1fbd-4ba6-8b51-076882f8b820\",\"playerId\":\"2\",\"word\":\"cup\",\"wordLevel\":\"P1\"},\"response\":{\"accepted\":true,\"scoreDelta\":16,\"combo\":5,\"message\":\"accepted\",\"boardDelta\":{\"filled\":[],\"cleared\":[],\"board\":[[\"T\",\"X\",\"N\",\"K\",\"S\",\"Y\",\"Q\",\"L\"],[\"C\",\"Q\",\"J\",\"F\",\"X\",\"O\",\"D\",\"E\"],[\"U\",\"N\",\"W\",\"J\",\"Q\",\"Y\",\"E\",\"D\"],[\"E\",\"U\",\"R\",\"Z\",\"D\",\"R\",\"S\",\"K\"],[\"H\",\"Z\",\"H\",\"N\",\"X\",\"Z\",\"F\",\"F\"],[\"V\",\"X\",\"X\",\"F\",\"G\",\"B\",\"B\",\"X\"],[\"W\",\"L\",\"W\",\"O\",\"J\",\"I\",\"T\",\"K\"],[\"H\",\"R\",\"P\",\"F\",\"E\",\"H\",\"U\",\"D\"]]}}}','2026-01-29 21:46:51'),(43,14,'5b9b30e9-1fbd-4ba6-8b51-076882f8b820',7,'WORD_CLEAR','{\"request\":{\"roomId\":\"5b9b30e9-1fbd-4ba6-8b51-076882f8b820\",\"playerId\":\"2\",\"word\":\"desk\",\"wordLevel\":\"P1\"},\"response\":{\"accepted\":true,\"scoreDelta\":18,\"combo\":6,\"message\":\"accepted\",\"boardDelta\":{\"filled\":[],\"cleared\":[],\"board\":[[\"K\",\"S\",\"Z\",\"L\",\"E\",\"V\",\"W\",\"H\"],[\"D\",\"B\",\"M\",\"N\",\"T\",\"X\",\"W\",\"F\"],[\"F\",\"H\",\"J\",\"Y\",\"C\",\"Y\",\"D\",\"K\"],[\"O\",\"T\",\"C\",\"N\",\"J\",\"P\",\"P\",\"D\"],[\"F\",\"R\",\"Q\",\"J\",\"H\",\"K\",\"X\",\"S\"],[\"J\",\"L\",\"F\",\"V\",\"W\",\"J\",\"M\",\"O\"],[\"I\",\"V\",\"D\",\"X\",\"T\",\"R\",\"V\",\"E\"],[\"V\",\"I\",\"E\",\"M\",\"E\",\"Q\",\"L\",\"R\"]]}}}','2026-01-29 21:46:53'),(44,15,'7e36d03f-4b28-4e7d-a4f1-ddab59b78039',1,'MATCH_START','{\"roomId\":\"7e36d03f-4b28-4e7d-a4f1-ddab59b78039\",\"mode\":\"SOLO\",\"status\":\"RUNNING\",\"maxPlayers\":1,\"players\":[\"2\"],\"scores\":{\"2\":0}}','2026-01-29 21:47:02'),(45,16,'a8dfd3bd-8120-47fa-b0e9-b04e23deb3c6',1,'MATCH_START','{\"roomId\":\"a8dfd3bd-8120-47fa-b0e9-b04e23deb3c6\",\"mode\":\"SOLO\",\"status\":\"RUNNING\",\"maxPlayers\":1,\"players\":[\"2\"],\"scores\":{\"2\":0}}','2026-01-29 21:47:03'),(46,16,'a8dfd3bd-8120-47fa-b0e9-b04e23deb3c6',2,'WORD_CLEAR','{\"request\":{\"roomId\":\"a8dfd3bd-8120-47fa-b0e9-b04e23deb3c6\",\"playerId\":\"2\",\"word\":\"arm\",\"wordLevel\":\"P1\"},\"response\":{\"accepted\":true,\"scoreDelta\":8,\"combo\":1,\"message\":\"accepted\",\"boardDelta\":{\"filled\":[],\"cleared\":[],\"board\":[[\"X\",\"N\",\"J\",\"C\",\"V\",\"E\",\"G\",\"P\"],[\"U\",\"U\",\"Z\",\"E\",\"Y\",\"G\",\"V\",\"Y\"],[\"R\",\"H\",\"E\",\"S\",\"T\",\"Y\",\"N\",\"Q\"],[\"Y\",\"J\",\"G\",\"G\",\"E\",\"K\",\"P\",\"C\"],[\"M\",\"J\",\"B\",\"P\",\"B\",\"W\",\"E\",\"Z\"],[\"R\",\"Z\",\"V\",\"P\",\"Y\",\"K\",\"F\",\"J\"],[\"B\",\"L\",\"V\",\"S\",\"H\",\"J\",\"M\",\"J\"],[\"X\",\"J\",\"M\",\"S\",\"D\",\"U\",\"A\",\"C\"]]}}}','2026-01-29 21:47:06'),(47,16,'a8dfd3bd-8120-47fa-b0e9-b04e23deb3c6',3,'WORD_CLEAR','{\"request\":{\"roomId\":\"a8dfd3bd-8120-47fa-b0e9-b04e23deb3c6\",\"playerId\":\"2\",\"word\":\"egg\",\"wordLevel\":\"P1\"},\"response\":{\"accepted\":true,\"scoreDelta\":10,\"combo\":2,\"message\":\"accepted\",\"boardDelta\":{\"filled\":[],\"cleared\":[],\"board\":[[\"V\",\"D\",\"T\",\"O\",\"S\",\"B\",\"M\",\"S\"],[\"R\",\"K\",\"G\",\"R\",\"Q\",\"U\",\"C\",\"B\"],[\"G\",\"H\",\"F\",\"W\",\"Z\",\"D\",\"X\",\"O\"],[\"G\",\"O\",\"X\",\"T\",\"E\",\"E\",\"X\",\"L\"],[\"M\",\"C\",\"A\",\"K\",\"B\",\"N\",\"Q\",\"Z\"],[\"P\",\"I\",\"O\",\"A\",\"P\",\"C\",\"S\",\"L\"],[\"S\",\"Q\",\"C\",\"Z\",\"V\",\"F\",\"J\",\"W\"],[\"N\",\"T\",\"W\",\"R\",\"B\",\"K\",\"M\",\"Y\"]]}}}','2026-01-29 21:47:10'),(48,16,'a8dfd3bd-8120-47fa-b0e9-b04e23deb3c6',4,'WORD_CLEAR','{\"request\":{\"roomId\":\"a8dfd3bd-8120-47fa-b0e9-b04e23deb3c6\",\"playerId\":\"2\",\"word\":\"box\",\"wordLevel\":\"P1\"},\"response\":{\"accepted\":true,\"scoreDelta\":12,\"combo\":3,\"message\":\"accepted\",\"boardDelta\":{\"filled\":[],\"cleared\":[],\"board\":[[\"W\",\"Y\",\"K\",\"N\",\"U\",\"Z\",\"Q\",\"L\"],[\"R\",\"G\",\"W\",\"I\",\"I\",\"Z\",\"X\",\"F\"],[\"Q\",\"E\",\"H\",\"A\",\"T\",\"A\",\"V\",\"E\"],[\"N\",\"F\",\"P\",\"M\",\"K\",\"Z\",\"E\",\"C\"],[\"M\",\"W\",\"G\",\"J\",\"O\",\"H\",\"A\",\"L\"],[\"T\",\"P\",\"M\",\"L\",\"C\",\"A\",\"K\",\"X\"],[\"Z\",\"G\",\"A\",\"P\",\"K\",\"N\",\"F\",\"T\"],[\"F\",\"U\",\"S\",\"Q\",\"B\",\"H\",\"X\",\"B\"]]}}}','2026-01-29 21:47:11'),(49,16,'a8dfd3bd-8120-47fa-b0e9-b04e23deb3c6',5,'WORD_CLEAR','{\"request\":{\"roomId\":\"a8dfd3bd-8120-47fa-b0e9-b04e23deb3c6\",\"playerId\":\"2\",\"word\":\"hat\",\"wordLevel\":\"P1\"},\"response\":{\"accepted\":true,\"scoreDelta\":14,\"combo\":4,\"message\":\"accepted\",\"boardDelta\":{\"filled\":[],\"cleared\":[],\"board\":[[\"A\",\"H\",\"H\",\"S\",\"S\",\"C\",\"A\",\"U\"],[\"I\",\"R\",\"M\",\"F\",\"A\",\"J\",\"D\",\"R\"],[\"O\",\"W\",\"W\",\"O\",\"D\",\"F\",\"D\",\"H\"],[\"J\",\"J\",\"M\",\"B\",\"A\",\"D\",\"K\",\"D\"],[\"J\",\"U\",\"C\",\"V\",\"Y\",\"V\",\"T\",\"J\"],[\"C\",\"C\",\"G\",\"R\",\"B\",\"Z\",\"H\",\"U\"],[\"R\",\"L\",\"F\",\"C\",\"O\",\"X\",\"Y\",\"F\"],[\"F\",\"S\",\"O\",\"O\",\"M\",\"X\",\"L\",\"B\"]]}}}','2026-01-29 21:47:13'),(50,16,'a8dfd3bd-8120-47fa-b0e9-b04e23deb3c6',6,'WORD_CLEAR','{\"request\":{\"roomId\":\"a8dfd3bd-8120-47fa-b0e9-b04e23deb3c6\",\"playerId\":\"2\",\"word\":\"box\",\"wordLevel\":\"P1\"},\"response\":{\"accepted\":true,\"scoreDelta\":16,\"combo\":5,\"message\":\"accepted\",\"boardDelta\":{\"filled\":[],\"cleared\":[],\"board\":[[\"B\",\"S\",\"I\",\"T\",\"A\",\"L\",\"A\",\"T\"],[\"E\",\"T\",\"T\",\"G\",\"O\",\"D\",\"M\",\"N\"],[\"W\",\"G\",\"T\",\"D\",\"W\",\"M\",\"Z\",\"X\"],[\"C\",\"E\",\"E\",\"Z\",\"L\",\"R\",\"K\",\"W\"],[\"G\",\"N\",\"I\",\"Z\",\"Y\",\"Y\",\"K\",\"N\"],[\"S\",\"V\",\"O\",\"D\",\"O\",\"J\",\"O\",\"Q\"],[\"J\",\"K\",\"Z\",\"W\",\"K\",\"F\",\"C\",\"D\"],[\"S\",\"B\",\"P\",\"Z\",\"Y\",\"O\",\"W\",\"K\"]]}}}','2026-01-29 21:47:37'),(51,17,'18e06d7a-e85f-4d88-a7b5-daafd46ad5f8',1,'MATCH_START','{\"roomId\":\"18e06d7a-e85f-4d88-a7b5-daafd46ad5f8\",\"mode\":\"SOLO\",\"status\":\"RUNNING\",\"maxPlayers\":1,\"players\":[\"2\"],\"scores\":{\"2\":0}}','2026-01-29 21:47:43'),(52,18,'b350d82a-c675-40c0-b99b-e265422911ab',1,'MATCH_START','{\"roomId\":\"b350d82a-c675-40c0-b99b-e265422911ab\",\"mode\":\"SOLO\",\"status\":\"RUNNING\",\"maxPlayers\":1,\"players\":[\"2\"],\"scores\":{\"2\":0}}','2026-01-29 21:47:47'),(53,19,'d79ea320-77f9-4426-a8f0-62377d001942',1,'MATCH_START','{\"roomId\":\"d79ea320-77f9-4426-a8f0-62377d001942\",\"mode\":\"SOLO\",\"status\":\"RUNNING\",\"maxPlayers\":1,\"players\":[\"2\"],\"scores\":{\"2\":0}}','2026-01-29 21:47:51'),(54,20,'d42a6da4-7f40-4d79-9c58-6712419b4e6f',1,'MATCH_START','{\"roomId\":\"d42a6da4-7f40-4d79-9c58-6712419b4e6f\",\"mode\":\"SOLO\",\"status\":\"RUNNING\",\"maxPlayers\":1,\"players\":[\"2\"],\"scores\":{\"2\":0}}','2026-01-29 21:47:55'),(55,21,'f6527e58-fec8-4e74-aca2-bd5eb252787b',1,'MATCH_START','{\"roomId\":\"f6527e58-fec8-4e74-aca2-bd5eb252787b\",\"mode\":\"SOLO\",\"status\":\"RUNNING\",\"maxPlayers\":1,\"players\":[\"2\"],\"scores\":{\"2\":0}}','2026-01-29 21:47:58'),(56,22,'9ff56e9b-7e0c-4ecf-ab23-1aafc7dc9fff',1,'MATCH_START','{\"roomId\":\"9ff56e9b-7e0c-4ecf-ab23-1aafc7dc9fff\",\"mode\":\"SOLO\",\"status\":\"RUNNING\",\"maxPlayers\":1,\"players\":[\"2\"],\"scores\":{\"2\":0}}','2026-01-29 21:49:51'),(57,22,'9ff56e9b-7e0c-4ecf-ab23-1aafc7dc9fff',2,'WORD_CLEAR','{\"request\":{\"roomId\":\"9ff56e9b-7e0c-4ecf-ab23-1aafc7dc9fff\",\"playerId\":\"2\",\"word\":\"hat\",\"wordLevel\":\"P1\"},\"response\":{\"accepted\":true,\"scoreDelta\":8,\"combo\":1,\"message\":\"accepted\",\"boardDelta\":{\"filled\":[{\"x\":0,\"y\":0,\"value\":\"B\"},{\"x\":1,\"y\":1,\"value\":\"G\"},{\"x\":1,\"y\":0,\"value\":\"Z\"}],\"cleared\":[{\"x\":0,\"y\":2,\"value\":null},{\"x\":1,\"y\":2,\"value\":null},{\"x\":1,\"y\":1,\"value\":null}],\"board\":[[\"B\",\"Z\",\"W\",\"G\",\"N\",\"B\",\"C\",\"S\"],[\"I\",\"G\",\"B\",\"F\",\"C\",\"D\",\"L\",\"G\"],[\"D\",\"C\",\"K\",\"W\",\"Z\",\"E\",\"C\",\"Y\"],[\"V\",\"J\",\"J\",\"X\",\"Q\",\"N\",\"V\",\"S\"],[\"G\",\"O\",\"T\",\"I\",\"E\",\"K\",\"L\",\"U\"],[\"F\",\"A\",\"D\",\"A\",\"I\",\"W\",\"V\",\"M\"],[\"D\",\"Q\",\"A\",\"T\",\"N\",\"R\",\"G\",\"Z\"],[\"B\",\"N\",\"H\",\"C\",\"V\",\"X\",\"A\",\"D\"]]}}}','2026-01-29 21:49:55'),(58,22,'9ff56e9b-7e0c-4ecf-ab23-1aafc7dc9fff',3,'WORD_CLEAR','{\"request\":{\"roomId\":\"9ff56e9b-7e0c-4ecf-ab23-1aafc7dc9fff\",\"playerId\":\"2\",\"word\":\"hat\",\"wordLevel\":\"P1\"},\"response\":{\"accepted\":true,\"scoreDelta\":10,\"combo\":2,\"message\":\"accepted\",\"boardDelta\":{\"filled\":[],\"cleared\":[],\"board\":[[\"Y\",\"S\",\"W\",\"X\",\"I\",\"Y\",\"N\",\"R\"],[\"M\",\"I\",\"G\",\"P\",\"F\",\"I\",\"V\",\"B\"],[\"W\",\"M\",\"W\",\"J\",\"G\",\"R\",\"M\",\"J\"],[\"D\",\"B\",\"T\",\"C\",\"R\",\"A\",\"G\",\"I\"],[\"Y\",\"A\",\"H\",\"Z\",\"X\",\"O\",\"N\",\"C\"],[\"B\",\"G\",\"O\",\"U\",\"M\",\"N\",\"V\",\"N\"],[\"S\",\"Z\",\"A\",\"W\",\"O\",\"T\",\"P\",\"M\"],[\"L\",\"L\",\"R\",\"J\",\"P\",\"S\",\"G\",\"J\"]]}}}','2026-01-29 21:49:59'),(59,22,'9ff56e9b-7e0c-4ecf-ab23-1aafc7dc9fff',4,'WORD_CLEAR','{\"request\":{\"roomId\":\"9ff56e9b-7e0c-4ecf-ab23-1aafc7dc9fff\",\"playerId\":\"2\",\"word\":\"bag\",\"wordLevel\":\"P1\"},\"response\":{\"accepted\":true,\"scoreDelta\":12,\"combo\":3,\"message\":\"accepted\",\"boardDelta\":{\"filled\":[{\"x\":1,\"y\":2,\"value\":\"Y\"},{\"x\":1,\"y\":1,\"value\":\"O\"},{\"x\":1,\"y\":0,\"value\":\"H\"}],\"cleared\":[{\"x\":1,\"y\":3,\"value\":null},{\"x\":1,\"y\":4,\"value\":null},{\"x\":1,\"y\":5,\"value\":null}],\"board\":[[\"Y\",\"H\",\"W\",\"X\",\"I\",\"Y\",\"N\",\"R\"],[\"M\",\"O\",\"G\",\"P\",\"F\",\"I\",\"V\",\"B\"],[\"W\",\"Y\",\"W\",\"J\",\"G\",\"R\",\"M\",\"J\"],[\"D\",\"S\",\"T\",\"C\",\"R\",\"A\",\"G\",\"I\"],[\"Y\",\"I\",\"H\",\"Z\",\"X\",\"O\",\"N\",\"C\"],[\"B\",\"M\",\"O\",\"U\",\"M\",\"N\",\"V\",\"N\"],[\"S\",\"Z\",\"A\",\"W\",\"O\",\"T\",\"P\",\"M\"],[\"L\",\"L\",\"R\",\"J\",\"P\",\"S\",\"G\",\"J\"]]}}}','2026-01-29 21:50:02'),(60,22,'9ff56e9b-7e0c-4ecf-ab23-1aafc7dc9fff',5,'WORD_CLEAR','{\"request\":{\"roomId\":\"9ff56e9b-7e0c-4ecf-ab23-1aafc7dc9fff\",\"playerId\":\"2\",\"word\":\"arm\",\"wordLevel\":\"P1\"},\"response\":{\"accepted\":true,\"scoreDelta\":14,\"combo\":4,\"message\":\"accepted\",\"boardDelta\":{\"filled\":[],\"cleared\":[],\"board\":[[\"L\",\"P\",\"M\",\"A\",\"E\",\"U\",\"I\",\"C\"],[\"K\",\"L\",\"D\",\"G\",\"D\",\"Q\",\"M\",\"S\"],[\"O\",\"O\",\"L\",\"P\",\"T\",\"H\",\"R\",\"W\"],[\"E\",\"C\",\"P\",\"N\",\"C\",\"F\",\"P\",\"S\"],[\"G\",\"T\",\"K\",\"B\",\"M\",\"O\",\"Z\",\"S\"],[\"B\",\"Y\",\"X\",\"S\",\"A\",\"P\",\"C\",\"O\"],[\"B\",\"I\",\"U\",\"P\",\"U\",\"T\",\"I\",\"G\"],[\"F\",\"A\",\"B\",\"P\",\"Q\",\"R\",\"M\",\"L\"]]}}}','2026-01-29 21:50:06'),(61,23,'356e62a1-ba51-4e61-a3b0-077b7145d4e2',1,'MATCH_START','{\"roomId\":\"356e62a1-ba51-4e61-a3b0-077b7145d4e2\",\"mode\":\"SOLO\",\"status\":\"RUNNING\",\"maxPlayers\":1,\"players\":[\"2\"],\"scores\":{\"2\":0}}','2026-01-29 21:57:03'),(62,23,'356e62a1-ba51-4e61-a3b0-077b7145d4e2',2,'WORD_CLEAR','{\"request\":{\"roomId\":\"356e62a1-ba51-4e61-a3b0-077b7145d4e2\",\"playerId\":\"2\",\"word\":\"bag\",\"wordLevel\":\"P1\"},\"response\":{\"accepted\":true,\"scoreDelta\":8,\"combo\":1,\"message\":\"accepted\",\"boardDelta\":{\"filled\":[],\"cleared\":[],\"board\":[[\"N\",\"M\",\"Z\",\"G\",\"M\",\"N\",\"O\",\"P\"],[\"G\",\"Z\",\"J\",\"O\",\"G\",\"J\",\"O\",\"Y\"],[\"T\",\"V\",\"P\",\"Z\",\"H\",\"N\",\"Y\",\"R\"],[\"C\",\"F\",\"U\",\"R\",\"Q\",\"K\",\"B\",\"C\"],[\"O\",\"G\",\"H\",\"B\",\"V\",\"E\",\"A\",\"U\"],[\"D\",\"M\",\"Z\",\"V\",\"M\",\"Q\",\"K\",\"P\"],[\"E\",\"T\",\"N\",\"T\",\"O\",\"C\",\"Y\",\"C\"],[\"O\",\"J\",\"F\",\"Z\",\"I\",\"H\",\"Y\",\"V\"]]}}}','2026-01-29 21:57:06'),(63,23,'356e62a1-ba51-4e61-a3b0-077b7145d4e2',3,'WORD_CLEAR','{\"request\":{\"roomId\":\"356e62a1-ba51-4e61-a3b0-077b7145d4e2\",\"playerId\":\"2\",\"word\":\"cup\",\"wordLevel\":\"P1\"},\"response\":{\"accepted\":true,\"scoreDelta\":10,\"combo\":2,\"message\":\"accepted\",\"boardDelta\":{\"filled\":[],\"cleared\":[],\"board\":[[\"F\",\"I\",\"V\",\"S\",\"R\",\"Y\",\"B\",\"O\"],[\"A\",\"H\",\"S\",\"O\",\"X\",\"I\",\"R\",\"H\"],[\"D\",\"L\",\"C\",\"D\",\"H\",\"J\",\"V\",\"W\"],[\"R\",\"L\",\"A\",\"N\",\"Y\",\"W\",\"Z\",\"K\"],[\"P\",\"U\",\"T\",\"G\",\"K\",\"O\",\"X\",\"N\"],[\"H\",\"U\",\"V\",\"D\",\"Y\",\"B\",\"L\",\"O\"],[\"L\",\"U\",\"L\",\"C\",\"J\",\"A\",\"O\",\"U\"],[\"R\",\"V\",\"E\",\"U\",\"Z\",\"U\",\"Q\",\"S\"]]}}}','2026-01-29 21:57:08'),(64,23,'356e62a1-ba51-4e61-a3b0-077b7145d4e2',4,'WORD_CLEAR','{\"request\":{\"roomId\":\"356e62a1-ba51-4e61-a3b0-077b7145d4e2\",\"playerId\":\"2\",\"word\":\"box\",\"wordLevel\":\"P1\"},\"response\":{\"accepted\":true,\"scoreDelta\":12,\"combo\":3,\"message\":\"accepted\",\"boardDelta\":{\"filled\":[],\"cleared\":[],\"board\":[[\"P\",\"R\",\"I\",\"A\",\"R\",\"Y\",\"T\",\"L\"],[\"R\",\"A\",\"E\",\"O\",\"R\",\"I\",\"Z\",\"D\"],[\"Q\",\"T\",\"X\",\"M\",\"V\",\"M\",\"G\",\"R\"],[\"S\",\"Z\",\"Q\",\"W\",\"P\",\"I\",\"K\",\"I\"],[\"H\",\"V\",\"L\",\"I\",\"F\",\"Q\",\"M\",\"Z\"],[\"O\",\"A\",\"S\",\"Q\",\"O\",\"N\",\"Y\",\"I\"],[\"U\",\"H\",\"I\",\"L\",\"M\",\"G\",\"T\",\"D\"],[\"I\",\"U\",\"K\",\"L\",\"K\",\"C\",\"C\",\"L\"]]}}}','2026-01-29 21:57:10'),(65,23,'356e62a1-ba51-4e61-a3b0-077b7145d4e2',5,'WORD_CLEAR','{\"request\":{\"roomId\":\"356e62a1-ba51-4e61-a3b0-077b7145d4e2\",\"playerId\":\"2\",\"word\":\"ear\",\"wordLevel\":\"P1\"},\"response\":{\"accepted\":true,\"scoreDelta\":14,\"combo\":4,\"message\":\"accepted\",\"boardDelta\":{\"filled\":[],\"cleared\":[],\"board\":[[\"M\",\"Q\",\"E\",\"U\",\"A\",\"N\",\"W\",\"S\"],[\"Y\",\"D\",\"J\",\"O\",\"C\",\"T\",\"K\",\"G\"],[\"U\",\"P\",\"P\",\"B\",\"N\",\"D\",\"D\",\"K\"],[\"U\",\"Y\",\"R\",\"Y\",\"U\",\"S\",\"S\",\"G\"],[\"F\",\"O\",\"Y\",\"Q\",\"B\",\"F\",\"M\",\"E\"],[\"G\",\"N\",\"C\",\"A\",\"Y\",\"U\",\"Y\",\"F\"],[\"E\",\"W\",\"T\",\"Z\",\"X\",\"A\",\"Y\",\"U\"],[\"I\",\"P\",\"A\",\"C\",\"N\",\"X\",\"Z\",\"A\"]]}}}','2026-01-29 21:57:12'),(66,24,'7b736878-6828-4874-9149-9f41fdd735b4',1,'MATCH_START','{\"roomId\":\"7b736878-6828-4874-9149-9f41fdd735b4\",\"mode\":\"SOLO\",\"status\":\"RUNNING\",\"maxPlayers\":1,\"players\":[\"2\"],\"scores\":{\"2\":0}}','2026-01-29 22:02:22'),(67,25,'1e3fecad-3ae9-41d0-9896-2b59d1bef3f9',1,'MATCH_START','{\"roomId\":\"1e3fecad-3ae9-41d0-9896-2b59d1bef3f9\",\"mode\":\"SOLO\",\"status\":\"RUNNING\",\"maxPlayers\":1,\"players\":[\"2\"],\"scores\":{\"2\":0}}','2026-01-29 22:02:45'),(68,26,'c4377c78-2a5c-4bf1-9ceb-9ba6fa39fab5',1,'MATCH_START','{\"roomId\":\"c4377c78-2a5c-4bf1-9ceb-9ba6fa39fab5\",\"mode\":\"SOLO\",\"status\":\"RUNNING\",\"maxPlayers\":1,\"players\":[\"2\"],\"scores\":{\"2\":0}}','2026-01-29 22:02:58'),(69,27,'7ac50cdb-2616-4025-b4e6-22362b655a68',1,'MATCH_START','{\"roomId\":\"7ac50cdb-2616-4025-b4e6-22362b655a68\",\"mode\":\"SOLO\",\"status\":\"RUNNING\",\"maxPlayers\":1,\"players\":[\"2\"],\"scores\":{\"2\":0}}','2026-01-29 22:04:38'),(70,28,'7197a435-2540-425e-a734-8105442bfb8a',1,'MATCH_START','{\"roomId\":\"7197a435-2540-425e-a734-8105442bfb8a\",\"mode\":\"SOLO\",\"status\":\"RUNNING\",\"maxPlayers\":1,\"players\":[\"2\"],\"scores\":{\"2\":0}}','2026-01-29 22:05:43'),(71,29,'bbd883df-92d5-4009-96c5-95274d1ac24e',1,'MATCH_START','{\"roomId\":\"bbd883df-92d5-4009-96c5-95274d1ac24e\",\"mode\":\"SOLO\",\"status\":\"RUNNING\",\"maxPlayers\":1,\"players\":[\"2\"],\"scores\":{\"2\":0}}','2026-01-29 22:05:46'),(72,30,'a16d7c07-9c14-4728-9129-e80b31a6ae07',1,'MATCH_START','{\"roomId\":\"a16d7c07-9c14-4728-9129-e80b31a6ae07\",\"mode\":\"SOLO\",\"status\":\"RUNNING\",\"maxPlayers\":1,\"players\":[\"2\"],\"scores\":{\"2\":0}}','2026-01-29 22:05:48'),(73,30,'a16d7c07-9c14-4728-9129-e80b31a6ae07',2,'WORD_CLEAR','{\"request\":{\"roomId\":\"a16d7c07-9c14-4728-9129-e80b31a6ae07\",\"playerId\":\"2\",\"word\":\"rice\",\"wordLevel\":\"P1\"},\"response\":{\"accepted\":false,\"scoreDelta\":0,\"combo\":0,\"message\":\"word not on board\",\"boardDelta\":null}}','2026-01-29 22:06:06'),(74,31,'dfebc4b7-18f5-4918-af3b-932b1f04a319',1,'MATCH_START','{\"roomId\":\"dfebc4b7-18f5-4918-af3b-932b1f04a319\",\"mode\":\"SOLO\",\"status\":\"RUNNING\",\"maxPlayers\":1,\"players\":[\"2\"],\"scores\":{\"2\":0}}','2026-01-29 22:06:39'),(75,32,'cf533888-4584-46b2-a73f-3f7c3cc4cd82',1,'MATCH_START','{\"roomId\":\"cf533888-4584-46b2-a73f-3f7c3cc4cd82\",\"mode\":\"SOLO\",\"status\":\"RUNNING\",\"maxPlayers\":1,\"players\":[\"2\"],\"scores\":{\"2\":0}}','2026-01-29 22:06:50'),(76,33,'7bd34515-8b0a-4ac2-a8db-7f0dba43c0ca',1,'MATCH_START','{\"roomId\":\"7bd34515-8b0a-4ac2-a8db-7f0dba43c0ca\",\"mode\":\"SOLO\",\"status\":\"RUNNING\",\"maxPlayers\":1,\"players\":[\"2\"],\"scores\":{\"2\":0}}','2026-01-29 22:07:00'),(77,34,'605e6b90-5045-446d-935c-4655ee432bd1',1,'MATCH_START','{\"roomId\":\"605e6b90-5045-446d-935c-4655ee432bd1\",\"mode\":\"SOLO\",\"status\":\"RUNNING\",\"maxPlayers\":1,\"players\":[\"2\"],\"scores\":{\"2\":0}}','2026-01-29 22:07:04'),(78,35,'8be7086f-23a8-4f61-9455-a2c8a77cbbdb',1,'MATCH_START','{\"roomId\":\"8be7086f-23a8-4f61-9455-a2c8a77cbbdb\",\"mode\":\"SOLO\",\"status\":\"RUNNING\",\"maxPlayers\":1,\"players\":[\"2\"],\"scores\":{\"2\":0}}','2026-01-29 22:07:07'),(79,36,'b5028498-1f56-42fb-9c9c-2ceea31e47d1',1,'MATCH_START','{\"roomId\":\"b5028498-1f56-42fb-9c9c-2ceea31e47d1\",\"mode\":\"SOLO\",\"status\":\"RUNNING\",\"maxPlayers\":1,\"players\":[\"2\"],\"scores\":{\"2\":0}}','2026-01-29 22:07:10'),(80,37,'713f231f-8f7d-4511-bca2-6323b4730d6f',1,'MATCH_START','{\"roomId\":\"713f231f-8f7d-4511-bca2-6323b4730d6f\",\"mode\":\"SOLO\",\"status\":\"RUNNING\",\"maxPlayers\":1,\"players\":[\"2\"],\"scores\":{\"2\":0}}','2026-01-29 22:07:14'),(81,38,'e1b4ecd7-b11e-4950-999e-e5b39d868318',1,'MATCH_START','{\"roomId\":\"e1b4ecd7-b11e-4950-999e-e5b39d868318\",\"mode\":\"SOLO\",\"status\":\"RUNNING\",\"maxPlayers\":1,\"players\":[\"2\"],\"scores\":{\"2\":0}}','2026-01-29 22:07:16'),(82,39,'9146b416-ec34-45c3-9d99-ca659e09d711',1,'MATCH_START','{\"roomId\":\"9146b416-ec34-45c3-9d99-ca659e09d711\",\"mode\":\"SOLO\",\"status\":\"RUNNING\",\"maxPlayers\":1,\"players\":[\"2\"],\"scores\":{\"2\":0}}','2026-01-29 22:07:29'),(83,40,'5615f244-f889-40e3-91cb-28fac8afb637',1,'MATCH_START','{\"roomId\":\"5615f244-f889-40e3-91cb-28fac8afb637\",\"mode\":\"SOLO\",\"status\":\"RUNNING\",\"maxPlayers\":1,\"players\":[\"2\"],\"scores\":{\"2\":0}}','2026-01-29 22:12:06'),(84,40,'5615f244-f889-40e3-91cb-28fac8afb637',2,'WORD_CLEAR','{\"request\":{\"roomId\":\"5615f244-f889-40e3-91cb-28fac8afb637\",\"playerId\":\"2\",\"word\":\"nose\",\"wordLevel\":\"P1\"},\"response\":{\"accepted\":true,\"scoreDelta\":10,\"combo\":1,\"message\":\"accepted\",\"boardDelta\":{\"filled\":[{\"x\":2,\"y\":1,\"value\":\"M\"},{\"x\":2,\"y\":0,\"value\":\"J\"},{\"x\":3,\"y\":1,\"value\":\"Q\"},{\"x\":3,\"y\":0,\"value\":\"P\"}],\"cleared\":[{\"x\":2,\"y\":0,\"value\":null},{\"x\":2,\"y\":1,\"value\":null},{\"x\":3,\"y\":1,\"value\":null},{\"x\":3,\"y\":2,\"value\":null}],\"board\":[[\"X\",\"M\",\"J\",\"P\",\"I\",\"K\",\"J\",\"L\"],[\"I\",\"X\",\"M\",\"Q\",\"C\",\"E\",\"N\",\"M\"],[\"B\",\"Q\",\"I\",\"R\",\"A\",\"A\",\"B\",\"N\"],[\"T\",\"T\",\"L\",\"M\",\"S\",\"N\",\"B\",\"L\"],[\"I\",\"P\",\"P\",\"V\",\"Y\",\"A\",\"Q\",\"H\"],[\"L\",\"H\",\"L\",\"S\",\"R\",\"N\",\"C\",\"R\"],[\"R\",\"Q\",\"E\",\"J\",\"G\",\"A\",\"O\",\"L\"],[\"K\",\"P\",\"H\",\"D\",\"A\",\"B\",\"I\",\"M\"]]}}}','2026-01-29 22:12:11'),(85,40,'5615f244-f889-40e3-91cb-28fac8afb637',3,'WORD_CLEAR','{\"request\":{\"roomId\":\"5615f244-f889-40e3-91cb-28fac8afb637\",\"playerId\":\"2\",\"word\":\"bag\",\"wordLevel\":\"P1\"},\"response\":{\"accepted\":true,\"scoreDelta\":10,\"combo\":2,\"message\":\"accepted\",\"boardDelta\":{\"filled\":[{\"x\":4,\"y\":1,\"value\":\"S\"},{\"x\":4,\"y\":0,\"value\":\"I\"},{\"x\":5,\"y\":0,\"value\":\"W\"}],\"cleared\":[{\"x\":5,\"y\":7,\"value\":null},{\"x\":4,\"y\":7,\"value\":null},{\"x\":4,\"y\":6,\"value\":null}],\"board\":[[\"X\",\"M\",\"J\",\"P\",\"I\",\"W\",\"J\",\"L\"],[\"I\",\"X\",\"M\",\"Q\",\"S\",\"K\",\"N\",\"M\"],[\"B\",\"Q\",\"I\",\"R\",\"I\",\"E\",\"B\",\"N\"],[\"T\",\"T\",\"L\",\"M\",\"C\",\"A\",\"B\",\"L\"],[\"I\",\"P\",\"P\",\"V\",\"A\",\"N\",\"Q\",\"H\"],[\"L\",\"H\",\"L\",\"S\",\"S\",\"A\",\"C\",\"R\"],[\"R\",\"Q\",\"E\",\"J\",\"Y\",\"N\",\"O\",\"L\"],[\"K\",\"P\",\"H\",\"D\",\"R\",\"A\",\"I\",\"M\"]]}}}','2026-01-29 22:12:13'),(86,40,'5615f244-f889-40e3-91cb-28fac8afb637',4,'WORD_CLEAR','{\"request\":{\"roomId\":\"5615f244-f889-40e3-91cb-28fac8afb637\",\"playerId\":\"2\",\"word\":\"banana\",\"wordLevel\":\"P1\"},\"response\":{\"accepted\":true,\"scoreDelta\":18,\"combo\":3,\"message\":\"accepted\",\"boardDelta\":{\"filled\":[],\"cleared\":[],\"board\":[[\"R\",\"T\",\"E\",\"B\",\"C\",\"W\",\"O\",\"L\"],[\"I\",\"W\",\"T\",\"I\",\"O\",\"F\",\"W\",\"D\"],[\"C\",\"H\",\"U\",\"P\",\"X\",\"K\",\"N\",\"P\"],[\"E\",\"V\",\"G\",\"M\",\"E\",\"W\",\"C\",\"K\"],[\"H\",\"A\",\"T\",\"F\",\"X\",\"G\",\"Q\",\"W\"],[\"A\",\"C\",\"U\",\"P\",\"I\",\"C\",\"B\",\"X\"],[\"J\",\"D\",\"C\",\"A\",\"K\",\"E\",\"D\",\"Q\"],[\"L\",\"G\",\"D\",\"Y\",\"Y\",\"O\",\"K\",\"Z\"]]}}}','2026-01-29 22:12:15'),(87,40,'5615f244-f889-40e3-91cb-28fac8afb637',5,'WORD_CLEAR','{\"request\":{\"roomId\":\"5615f244-f889-40e3-91cb-28fac8afb637\",\"playerId\":\"2\",\"word\":\"cake\",\"wordLevel\":\"P1\"},\"response\":{\"accepted\":true,\"scoreDelta\":16,\"combo\":4,\"message\":\"accepted\",\"boardDelta\":{\"filled\":[{\"x\":2,\"y\":0,\"value\":\"P\"},{\"x\":3,\"y\":0,\"value\":\"T\"},{\"x\":4,\"y\":0,\"value\":\"B\"},{\"x\":5,\"y\":0,\"value\":\"J\"}],\"cleared\":[{\"x\":2,\"y\":6,\"value\":null},{\"x\":3,\"y\":6,\"value\":null},{\"x\":4,\"y\":6,\"value\":null},{\"x\":5,\"y\":6,\"value\":null}],\"board\":[[\"R\",\"T\",\"P\",\"T\",\"B\",\"J\",\"O\",\"L\"],[\"I\",\"W\",\"E\",\"B\",\"C\",\"W\",\"W\",\"D\"],[\"C\",\"H\",\"T\",\"I\",\"O\",\"F\",\"N\",\"P\"],[\"E\",\"V\",\"U\",\"P\",\"X\",\"K\",\"C\",\"K\"],[\"H\",\"A\",\"G\",\"M\",\"E\",\"W\",\"Q\",\"W\"],[\"A\",\"C\",\"T\",\"F\",\"X\",\"G\",\"B\",\"X\"],[\"J\",\"D\",\"U\",\"P\",\"I\",\"C\",\"D\",\"Q\"],[\"L\",\"G\",\"D\",\"Y\",\"Y\",\"O\",\"K\",\"Z\"]]}}}','2026-01-29 22:12:18'),(88,40,'5615f244-f889-40e3-91cb-28fac8afb637',6,'WORD_CLEAR','{\"request\":{\"roomId\":\"5615f244-f889-40e3-91cb-28fac8afb637\",\"playerId\":\"2\",\"word\":\"rice\",\"wordLevel\":\"P1\"},\"response\":{\"accepted\":true,\"scoreDelta\":18,\"combo\":5,\"message\":\"accepted\",\"boardDelta\":{\"filled\":[],\"cleared\":[],\"board\":[[\"E\",\"M\",\"D\",\"A\",\"R\",\"Z\",\"H\",\"L\"],[\"G\",\"G\",\"K\",\"E\",\"Y\",\"R\",\"A\",\"H\"],[\"J\",\"I\",\"I\",\"R\",\"X\",\"F\",\"P\",\"N\"],[\"U\",\"O\",\"M\",\"Z\",\"G\",\"N\",\"J\",\"E\"],[\"L\",\"A\",\"T\",\"F\",\"G\",\"R\",\"A\",\"P\"],[\"P\",\"Z\",\"X\",\"E\",\"V\",\"R\",\"R\",\"Z\"],[\"U\",\"C\",\"Q\",\"X\",\"O\",\"Y\",\"R\",\"M\"],[\"E\",\"C\",\"F\",\"R\",\"S\",\"K\",\"U\",\"D\"]]}}}','2026-01-29 22:12:19'),(89,40,'5615f244-f889-40e3-91cb-28fac8afb637',7,'WORD_CLEAR','{\"request\":{\"roomId\":\"5615f244-f889-40e3-91cb-28fac8afb637\",\"playerId\":\"2\",\"word\":\"egg\",\"wordLevel\":\"P1\"},\"response\":{\"accepted\":true,\"scoreDelta\":16,\"combo\":6,\"message\":\"accepted\",\"boardDelta\":{\"filled\":[{\"x\":0,\"y\":1,\"value\":\"Z\"},{\"x\":0,\"y\":0,\"value\":\"S\"},{\"x\":1,\"y\":0,\"value\":\"P\"}],\"cleared\":[{\"x\":0,\"y\":0,\"value\":null},{\"x\":0,\"y\":1,\"value\":null},{\"x\":1,\"y\":1,\"value\":null}],\"board\":[[\"S\",\"P\",\"D\",\"A\",\"R\",\"Z\",\"H\",\"L\"],[\"Z\",\"M\",\"K\",\"E\",\"Y\",\"R\",\"A\",\"H\"],[\"J\",\"I\",\"I\",\"R\",\"X\",\"F\",\"P\",\"N\"],[\"U\",\"O\",\"M\",\"Z\",\"G\",\"N\",\"J\",\"E\"],[\"L\",\"A\",\"T\",\"F\",\"G\",\"R\",\"A\",\"P\"],[\"P\",\"Z\",\"X\",\"E\",\"V\",\"R\",\"R\",\"Z\"],[\"U\",\"C\",\"Q\",\"X\",\"O\",\"Y\",\"R\",\"M\"],[\"E\",\"C\",\"F\",\"R\",\"S\",\"K\",\"U\",\"D\"]]}}}','2026-01-29 22:12:21'),(90,40,'5615f244-f889-40e3-91cb-28fac8afb637',8,'WORD_CLEAR','{\"request\":{\"roomId\":\"5615f244-f889-40e3-91cb-28fac8afb637\",\"playerId\":\"2\",\"word\":\"grape\",\"wordLevel\":\"P1\"},\"response\":{\"accepted\":true,\"scoreDelta\":20,\"combo\":7,\"message\":\"accepted\",\"boardDelta\":{\"filled\":[{\"x\":4,\"y\":0,\"value\":\"X\"},{\"x\":5,\"y\":0,\"value\":\"Z\"},{\"x\":6,\"y\":0,\"value\":\"O\"},{\"x\":7,\"y\":1,\"value\":\"Q\"},{\"x\":7,\"y\":0,\"value\":\"M\"}],\"cleared\":[{\"x\":4,\"y\":4,\"value\":null},{\"x\":5,\"y\":4,\"value\":null},{\"x\":6,\"y\":4,\"value\":null},{\"x\":7,\"y\":4,\"value\":null},{\"x\":7,\"y\":3,\"value\":null}],\"board\":[[\"S\",\"P\",\"D\",\"A\",\"X\",\"Z\",\"O\",\"M\"],[\"Z\",\"M\",\"K\",\"E\",\"R\",\"Z\",\"H\",\"Q\"],[\"J\",\"I\",\"I\",\"R\",\"Y\",\"R\",\"A\",\"L\"],[\"U\",\"O\",\"M\",\"Z\",\"X\",\"F\",\"P\",\"H\"],[\"L\",\"A\",\"T\",\"F\",\"G\",\"N\",\"J\",\"N\"],[\"P\",\"Z\",\"X\",\"E\",\"V\",\"R\",\"R\",\"Z\"],[\"U\",\"C\",\"Q\",\"X\",\"O\",\"Y\",\"R\",\"M\"],[\"E\",\"C\",\"F\",\"R\",\"S\",\"K\",\"U\",\"D\"]]}}}','2026-01-29 22:12:22'),(91,40,'5615f244-f889-40e3-91cb-28fac8afb637',9,'WORD_CLEAR','{\"request\":{\"roomId\":\"5615f244-f889-40e3-91cb-28fac8afb637\",\"playerId\":\"2\",\"word\":\"cup\",\"wordLevel\":\"P1\"},\"response\":{\"accepted\":true,\"scoreDelta\":16,\"combo\":8,\"message\":\"accepted\",\"boardDelta\":{\"filled\":[],\"cleared\":[],\"board\":[[\"D\",\"P\",\"X\",\"F\",\"F\",\"E\",\"R\",\"V\"],[\"C\",\"O\",\"Z\",\"L\",\"D\",\"Y\",\"E\",\"T\"],[\"A\",\"X\",\"J\",\"X\",\"Y\",\"P\",\"K\",\"B\"],[\"A\",\"N\",\"Z\",\"V\",\"K\",\"R\",\"A\",\"A\"],[\"U\",\"T\",\"A\",\"R\",\"B\",\"X\",\"E\",\"P\"],[\"X\",\"H\",\"E\",\"U\",\"U\",\"Y\",\"E\",\"I\"],[\"V\",\"M\",\"M\",\"M\",\"H\",\"A\",\"B\",\"N\"],[\"M\",\"R\",\"A\",\"J\",\"K\",\"C\",\"E\",\"Q\"]]}}}','2026-01-29 22:12:26'),(92,40,'5615f244-f889-40e3-91cb-28fac8afb637',10,'WORD_CLEAR','{\"request\":{\"roomId\":\"5615f244-f889-40e3-91cb-28fac8afb637\",\"playerId\":\"2\",\"word\":\"eye\",\"wordLevel\":\"P1\"},\"response\":{\"accepted\":true,\"scoreDelta\":16,\"combo\":9,\"message\":\"accepted\",\"boardDelta\":{\"filled\":[{\"x\":5,\"y\":1,\"value\":\"U\"},{\"x\":5,\"y\":0,\"value\":\"H\"},{\"x\":6,\"y\":0,\"value\":\"V\"}],\"cleared\":[{\"x\":5,\"y\":0,\"value\":null},{\"x\":5,\"y\":1,\"value\":null},{\"x\":6,\"y\":1,\"value\":null}],\"board\":[[\"D\",\"P\",\"X\",\"F\",\"F\",\"H\",\"V\",\"V\"],[\"C\",\"O\",\"Z\",\"L\",\"D\",\"U\",\"R\",\"T\"],[\"A\",\"X\",\"J\",\"X\",\"Y\",\"P\",\"K\",\"B\"],[\"A\",\"N\",\"Z\",\"V\",\"K\",\"R\",\"A\",\"A\"],[\"U\",\"T\",\"A\",\"R\",\"B\",\"X\",\"E\",\"P\"],[\"X\",\"H\",\"E\",\"U\",\"U\",\"Y\",\"E\",\"I\"],[\"V\",\"M\",\"M\",\"M\",\"H\",\"A\",\"B\",\"N\"],[\"M\",\"R\",\"A\",\"J\",\"K\",\"C\",\"E\",\"Q\"]]}}}','2026-01-29 22:12:27'),(93,40,'5615f244-f889-40e3-91cb-28fac8afb637',11,'WORD_CLEAR','{\"request\":{\"roomId\":\"5615f244-f889-40e3-91cb-28fac8afb637\",\"playerId\":\"2\",\"word\":\"arm\",\"wordLevel\":\"P1\"},\"response\":{\"accepted\":true,\"scoreDelta\":16,\"combo\":10,\"message\":\"accepted\",\"boardDelta\":{\"filled\":[{\"x\":0,\"y\":0,\"value\":\"T\"},{\"x\":1,\"y\":0,\"value\":\"D\"},{\"x\":2,\"y\":0,\"value\":\"E\"}],\"cleared\":[{\"x\":2,\"y\":7,\"value\":null},{\"x\":1,\"y\":7,\"value\":null},{\"x\":0,\"y\":7,\"value\":null}],\"board\":[[\"T\",\"D\",\"E\",\"F\",\"F\",\"H\",\"V\",\"V\"],[\"D\",\"P\",\"X\",\"L\",\"D\",\"U\",\"R\",\"T\"],[\"C\",\"O\",\"Z\",\"X\",\"Y\",\"P\",\"K\",\"B\"],[\"A\",\"X\",\"J\",\"V\",\"K\",\"R\",\"A\",\"A\"],[\"A\",\"N\",\"Z\",\"R\",\"B\",\"X\",\"E\",\"P\"],[\"U\",\"T\",\"A\",\"U\",\"U\",\"Y\",\"E\",\"I\"],[\"X\",\"H\",\"E\",\"M\",\"H\",\"A\",\"B\",\"N\"],[\"V\",\"M\",\"M\",\"J\",\"K\",\"C\",\"E\",\"Q\"]]}}}','2026-01-29 22:12:31'),(94,40,'5615f244-f889-40e3-91cb-28fac8afb637',12,'WORD_CLEAR','{\"request\":{\"roomId\":\"5615f244-f889-40e3-91cb-28fac8afb637\",\"playerId\":\"2\",\"word\":\"ear\",\"wordLevel\":\"P1\"},\"response\":{\"accepted\":true,\"scoreDelta\":16,\"combo\":11,\"message\":\"accepted\",\"boardDelta\":{\"filled\":[{\"x\":5,\"y\":0,\"value\":\"H\"},{\"x\":6,\"y\":1,\"value\":\"F\"},{\"x\":6,\"y\":0,\"value\":\"D\"}],\"cleared\":[{\"x\":6,\"y\":4,\"value\":null},{\"x\":6,\"y\":3,\"value\":null},{\"x\":5,\"y\":3,\"value\":null}],\"board\":[[\"T\",\"D\",\"E\",\"F\",\"F\",\"H\",\"D\",\"V\"],[\"D\",\"P\",\"X\",\"L\",\"D\",\"H\",\"F\",\"T\"],[\"C\",\"O\",\"Z\",\"X\",\"Y\",\"U\",\"V\",\"B\"],[\"A\",\"X\",\"J\",\"V\",\"K\",\"P\",\"R\",\"A\"],[\"A\",\"N\",\"Z\",\"R\",\"B\",\"X\",\"K\",\"P\"],[\"U\",\"T\",\"A\",\"U\",\"U\",\"Y\",\"E\",\"I\"],[\"X\",\"H\",\"E\",\"M\",\"H\",\"A\",\"B\",\"N\"],[\"V\",\"M\",\"M\",\"J\",\"K\",\"C\",\"E\",\"Q\"]]}}}','2026-01-29 22:12:32'),(95,40,'5615f244-f889-40e3-91cb-28fac8afb637',13,'WORD_CLEAR','{\"request\":{\"roomId\":\"5615f244-f889-40e3-91cb-28fac8afb637\",\"playerId\":\"2\",\"word\":\"back\",\"wordLevel\":\"P1\"},\"response\":{\"accepted\":true,\"scoreDelta\":18,\"combo\":12,\"message\":\"accepted\",\"boardDelta\":{\"filled\":[{\"x\":4,\"y\":0,\"value\":\"L\"},{\"x\":5,\"y\":1,\"value\":\"G\"},{\"x\":5,\"y\":0,\"value\":\"Y\"},{\"x\":6,\"y\":0,\"value\":\"L\"}],\"cleared\":[{\"x\":6,\"y\":6,\"value\":null},{\"x\":5,\"y\":6,\"value\":null},{\"x\":5,\"y\":7,\"value\":null},{\"x\":4,\"y\":7,\"value\":null}],\"board\":[[\"T\",\"D\",\"E\",\"F\",\"L\",\"Y\",\"L\",\"V\"],[\"D\",\"P\",\"X\",\"L\",\"F\",\"G\",\"D\",\"T\"],[\"C\",\"O\",\"Z\",\"X\",\"D\",\"H\",\"F\",\"B\"],[\"A\",\"X\",\"J\",\"V\",\"Y\",\"H\",\"V\",\"A\"],[\"A\",\"N\",\"Z\",\"R\",\"K\",\"U\",\"R\",\"P\"],[\"U\",\"T\",\"A\",\"U\",\"B\",\"P\",\"K\",\"I\"],[\"X\",\"H\",\"E\",\"M\",\"U\",\"X\",\"E\",\"N\"],[\"V\",\"M\",\"M\",\"J\",\"H\",\"Y\",\"E\",\"Q\"]]}}}','2026-01-29 22:12:34'),(96,40,'5615f244-f889-40e3-91cb-28fac8afb637',14,'WORD_CLEAR','{\"request\":{\"roomId\":\"5615f244-f889-40e3-91cb-28fac8afb637\",\"playerId\":\"2\",\"word\":\"meat\",\"wordLevel\":\"P1\"},\"response\":{\"accepted\":true,\"scoreDelta\":18,\"combo\":13,\"message\":\"accepted\",\"boardDelta\":{\"filled\":[],\"cleared\":[],\"board\":[[\"P\",\"L\",\"U\",\"U\",\"C\",\"U\",\"M\",\"L\"],[\"D\",\"P\",\"U\",\"G\",\"U\",\"P\",\"K\",\"E\"],[\"D\",\"E\",\"P\",\"K\",\"Z\",\"T\",\"W\",\"Q\"],[\"C\",\"I\",\"M\",\"X\",\"W\",\"L\",\"A\",\"S\"],[\"Z\",\"Z\",\"L\",\"D\",\"R\",\"K\",\"R\",\"M\"],[\"D\",\"T\",\"H\",\"U\",\"U\",\"F\",\"T\",\"P\"],[\"V\",\"T\",\"A\",\"R\",\"R\",\"K\",\"B\",\"P\"],[\"G\",\"W\",\"C\",\"Z\",\"Z\",\"C\",\"A\",\"A\"]]}}}','2026-01-29 22:12:35'),(97,40,'5615f244-f889-40e3-91cb-28fac8afb637',15,'WORD_CLEAR','{\"request\":{\"roomId\":\"5615f244-f889-40e3-91cb-28fac8afb637\",\"playerId\":\"2\",\"word\":\"hat\",\"wordLevel\":\"P1\"},\"response\":{\"accepted\":true,\"scoreDelta\":16,\"combo\":14,\"message\":\"accepted\",\"boardDelta\":{\"filled\":[{\"x\":1,\"y\":0,\"value\":\"B\"},{\"x\":2,\"y\":1,\"value\":\"I\"},{\"x\":2,\"y\":0,\"value\":\"N\"}],\"cleared\":[{\"x\":2,\"y\":5,\"value\":null},{\"x\":2,\"y\":6,\"value\":null},{\"x\":1,\"y\":6,\"value\":null}],\"board\":[[\"P\",\"B\",\"N\",\"U\",\"C\",\"U\",\"M\",\"L\"],[\"D\",\"L\",\"I\",\"G\",\"U\",\"P\",\"K\",\"E\"],[\"D\",\"P\",\"U\",\"K\",\"Z\",\"T\",\"W\",\"Q\"],[\"C\",\"E\",\"U\",\"X\",\"W\",\"L\",\"A\",\"S\"],[\"Z\",\"I\",\"P\",\"D\",\"R\",\"K\",\"R\",\"M\"],[\"D\",\"Z\",\"M\",\"U\",\"U\",\"F\",\"T\",\"P\"],[\"V\",\"T\",\"L\",\"R\",\"R\",\"K\",\"B\",\"P\"],[\"G\",\"W\",\"C\",\"Z\",\"Z\",\"C\",\"A\",\"A\"]]}}}','2026-01-29 22:12:36'),(98,40,'5615f244-f889-40e3-91cb-28fac8afb637',16,'WORD_CLEAR','{\"request\":{\"roomId\":\"5615f244-f889-40e3-91cb-28fac8afb637\",\"playerId\":\"2\",\"word\":\"cup\",\"wordLevel\":\"P1\"},\"response\":{\"accepted\":true,\"scoreDelta\":16,\"combo\":15,\"message\":\"accepted\",\"boardDelta\":{\"filled\":[{\"x\":4,\"y\":0,\"value\":\"T\"},{\"x\":5,\"y\":1,\"value\":\"E\"},{\"x\":5,\"y\":0,\"value\":\"K\"}],\"cleared\":[{\"x\":4,\"y\":0,\"value\":null},{\"x\":5,\"y\":0,\"value\":null},{\"x\":5,\"y\":1,\"value\":null}],\"board\":[[\"P\",\"B\",\"N\",\"U\",\"T\",\"K\",\"M\",\"L\"],[\"D\",\"L\",\"I\",\"G\",\"U\",\"E\",\"K\",\"E\"],[\"D\",\"P\",\"U\",\"K\",\"Z\",\"T\",\"W\",\"Q\"],[\"C\",\"E\",\"U\",\"X\",\"W\",\"L\",\"A\",\"S\"],[\"Z\",\"I\",\"P\",\"D\",\"R\",\"K\",\"R\",\"M\"],[\"D\",\"Z\",\"M\",\"U\",\"U\",\"F\",\"T\",\"P\"],[\"V\",\"T\",\"L\",\"R\",\"R\",\"K\",\"B\",\"P\"],[\"G\",\"W\",\"C\",\"Z\",\"Z\",\"C\",\"A\",\"A\"]]}}}','2026-01-29 22:12:37'),(99,40,'5615f244-f889-40e3-91cb-28fac8afb637',17,'WORD_CLEAR','{\"request\":{\"roomId\":\"5615f244-f889-40e3-91cb-28fac8afb637\",\"playerId\":\"2\",\"word\":\"arm\",\"wordLevel\":\"P1\"},\"response\":{\"accepted\":true,\"scoreDelta\":16,\"combo\":16,\"message\":\"accepted\",\"boardDelta\":{\"filled\":[{\"x\":6,\"y\":1,\"value\":\"C\"},{\"x\":6,\"y\":0,\"value\":\"E\"},{\"x\":7,\"y\":0,\"value\":\"E\"}],\"cleared\":[{\"x\":6,\"y\":3,\"value\":null},{\"x\":6,\"y\":4,\"value\":null},{\"x\":7,\"y\":4,\"value\":null}],\"board\":[[\"P\",\"B\",\"N\",\"U\",\"T\",\"K\",\"E\",\"E\"],[\"D\",\"L\",\"I\",\"G\",\"U\",\"E\",\"C\",\"L\"],[\"D\",\"P\",\"U\",\"K\",\"Z\",\"T\",\"M\",\"E\"],[\"C\",\"E\",\"U\",\"X\",\"W\",\"L\",\"K\",\"Q\"],[\"Z\",\"I\",\"P\",\"D\",\"R\",\"K\",\"W\",\"S\"],[\"D\",\"Z\",\"M\",\"U\",\"U\",\"F\",\"T\",\"P\"],[\"V\",\"T\",\"L\",\"R\",\"R\",\"K\",\"B\",\"P\"],[\"G\",\"W\",\"C\",\"Z\",\"Z\",\"C\",\"A\",\"A\"]]}}}','2026-01-29 22:12:39'),(100,40,'5615f244-f889-40e3-91cb-28fac8afb637',18,'WORD_CLEAR','{\"request\":{\"roomId\":\"5615f244-f889-40e3-91cb-28fac8afb637\",\"playerId\":\"2\",\"word\":\"back\",\"wordLevel\":\"P1\"},\"response\":{\"accepted\":true,\"scoreDelta\":18,\"combo\":17,\"message\":\"accepted\",\"boardDelta\":{\"filled\":[],\"cleared\":[],\"board\":[[\"A\",\"A\",\"I\",\"N\",\"E\",\"P\",\"Q\",\"P\"],[\"Y\",\"V\",\"A\",\"R\",\"P\",\"Z\",\"Y\",\"U\"],[\"V\",\"E\",\"B\",\"Z\",\"P\",\"A\",\"Z\",\"R\"],[\"W\",\"D\",\"O\",\"E\",\"W\",\"M\",\"A\",\"A\"],[\"W\",\"E\",\"G\",\"G\",\"O\",\"J\",\"C\",\"E\"],[\"G\",\"F\",\"B\",\"X\",\"N\",\"G\",\"P\",\"P\"],[\"A\",\"B\",\"J\",\"I\",\"D\",\"P\",\"U\",\"C\"],[\"P\",\"A\",\"W\",\"O\",\"E\",\"S\",\"K\",\"S\"]]}}}','2026-01-29 22:12:40'),(101,40,'5615f244-f889-40e3-91cb-28fac8afb637',19,'WORD_CLEAR','{\"request\":{\"roomId\":\"5615f244-f889-40e3-91cb-28fac8afb637\",\"playerId\":\"2\",\"word\":\"pear\",\"wordLevel\":\"P1\"},\"response\":{\"accepted\":true,\"scoreDelta\":18,\"combo\":18,\"message\":\"accepted\",\"boardDelta\":{\"filled\":[{\"x\":7,\"y\":3,\"value\":\"T\"},{\"x\":7,\"y\":2,\"value\":\"N\"},{\"x\":7,\"y\":1,\"value\":\"T\"},{\"x\":7,\"y\":0,\"value\":\"I\"}],\"cleared\":[{\"x\":7,\"y\":5,\"value\":null},{\"x\":7,\"y\":4,\"value\":null},{\"x\":7,\"y\":3,\"value\":null},{\"x\":7,\"y\":2,\"value\":null}],\"board\":[[\"A\",\"A\",\"I\",\"N\",\"E\",\"P\",\"Q\",\"I\"],[\"Y\",\"V\",\"A\",\"R\",\"P\",\"Z\",\"Y\",\"T\"],[\"V\",\"E\",\"B\",\"Z\",\"P\",\"A\",\"Z\",\"N\"],[\"W\",\"D\",\"O\",\"E\",\"W\",\"M\",\"A\",\"T\"],[\"W\",\"E\",\"G\",\"G\",\"O\",\"J\",\"C\",\"P\"],[\"G\",\"F\",\"B\",\"X\",\"N\",\"G\",\"P\",\"U\"],[\"A\",\"B\",\"J\",\"I\",\"D\",\"P\",\"U\",\"C\"],[\"P\",\"A\",\"W\",\"O\",\"E\",\"S\",\"K\",\"S\"]]}}}','2026-01-29 22:12:41'),(102,40,'5615f244-f889-40e3-91cb-28fac8afb637',20,'WORD_CLEAR','{\"request\":{\"roomId\":\"5615f244-f889-40e3-91cb-28fac8afb637\",\"playerId\":\"2\",\"word\":\"bag\",\"wordLevel\":\"P1\"},\"response\":{\"accepted\":true,\"scoreDelta\":16,\"combo\":19,\"message\":\"accepted\",\"boardDelta\":{\"filled\":[{\"x\":0,\"y\":1,\"value\":\"D\"},{\"x\":0,\"y\":0,\"value\":\"H\"},{\"x\":1,\"y\":0,\"value\":\"T\"}],\"cleared\":[{\"x\":1,\"y\":6,\"value\":null},{\"x\":0,\"y\":6,\"value\":null},{\"x\":0,\"y\":5,\"value\":null}],\"board\":[[\"H\",\"T\",\"I\",\"N\",\"E\",\"P\",\"Q\",\"I\"],[\"D\",\"A\",\"A\",\"R\",\"P\",\"Z\",\"Y\",\"T\"],[\"A\",\"V\",\"B\",\"Z\",\"P\",\"A\",\"Z\",\"N\"],[\"Y\",\"E\",\"O\",\"E\",\"W\",\"M\",\"A\",\"T\"],[\"V\",\"D\",\"G\",\"G\",\"O\",\"J\",\"C\",\"P\"],[\"W\",\"E\",\"B\",\"X\",\"N\",\"G\",\"P\",\"U\"],[\"W\",\"F\",\"J\",\"I\",\"D\",\"P\",\"U\",\"C\"],[\"P\",\"A\",\"W\",\"O\",\"E\",\"S\",\"K\",\"S\"]]}}}','2026-01-29 22:12:42'),(103,40,'5615f244-f889-40e3-91cb-28fac8afb637',21,'WORD_CLEAR','{\"request\":{\"roomId\":\"5615f244-f889-40e3-91cb-28fac8afb637\",\"playerId\":\"2\",\"word\":\"cup\",\"wordLevel\":\"P1\"},\"response\":{\"accepted\":true,\"scoreDelta\":16,\"combo\":20,\"message\":\"accepted\",\"boardDelta\":{\"filled\":[{\"x\":5,\"y\":0,\"value\":\"A\"},{\"x\":6,\"y\":0,\"value\":\"G\"},{\"x\":7,\"y\":0,\"value\":\"I\"}],\"cleared\":[{\"x\":7,\"y\":6,\"value\":null},{\"x\":6,\"y\":6,\"value\":null},{\"x\":5,\"y\":6,\"value\":null}],\"board\":[[\"H\",\"T\",\"I\",\"N\",\"E\",\"A\",\"G\",\"I\"],[\"D\",\"A\",\"A\",\"R\",\"P\",\"P\",\"Q\",\"I\"],[\"A\",\"V\",\"B\",\"Z\",\"P\",\"Z\",\"Y\",\"T\"],[\"Y\",\"E\",\"O\",\"E\",\"W\",\"A\",\"Z\",\"N\"],[\"V\",\"D\",\"G\",\"G\",\"O\",\"M\",\"A\",\"T\"],[\"W\",\"E\",\"B\",\"X\",\"N\",\"J\",\"C\",\"P\"],[\"W\",\"F\",\"J\",\"I\",\"D\",\"G\",\"P\",\"U\"],[\"P\",\"A\",\"W\",\"O\",\"E\",\"S\",\"K\",\"S\"]]}}}','2026-01-29 22:12:44'),(104,40,'5615f244-f889-40e3-91cb-28fac8afb637',22,'WORD_CLEAR','{\"request\":{\"roomId\":\"5615f244-f889-40e3-91cb-28fac8afb637\",\"playerId\":\"2\",\"word\":\"egg\",\"wordLevel\":\"P1\"},\"response\":{\"accepted\":true,\"scoreDelta\":16,\"combo\":21,\"message\":\"accepted\",\"boardDelta\":{\"filled\":[{\"x\":2,\"y\":0,\"value\":\"Q\"},{\"x\":3,\"y\":1,\"value\":\"X\"},{\"x\":3,\"y\":0,\"value\":\"T\"}],\"cleared\":[{\"x\":3,\"y\":3,\"value\":null},{\"x\":3,\"y\":4,\"value\":null},{\"x\":2,\"y\":4,\"value\":null}],\"board\":[[\"H\",\"T\",\"Q\",\"T\",\"E\",\"A\",\"G\",\"I\"],[\"D\",\"A\",\"I\",\"X\",\"P\",\"P\",\"Q\",\"I\"],[\"A\",\"V\",\"A\",\"N\",\"P\",\"Z\",\"Y\",\"T\"],[\"Y\",\"E\",\"B\",\"R\",\"W\",\"A\",\"Z\",\"N\"],[\"V\",\"D\",\"O\",\"Z\",\"O\",\"M\",\"A\",\"T\"],[\"W\",\"E\",\"B\",\"X\",\"N\",\"J\",\"C\",\"P\"],[\"W\",\"F\",\"J\",\"I\",\"D\",\"G\",\"P\",\"U\"],[\"P\",\"A\",\"W\",\"O\",\"E\",\"S\",\"K\",\"S\"]]}}}','2026-01-29 22:12:45'),(105,40,'5615f244-f889-40e3-91cb-28fac8afb637',23,'WORD_CLEAR','{\"request\":{\"roomId\":\"5615f244-f889-40e3-91cb-28fac8afb637\",\"playerId\":\"2\",\"word\":\"desk\",\"wordLevel\":\"P1\"},\"response\":{\"accepted\":true,\"scoreDelta\":18,\"combo\":22,\"message\":\"accepted\",\"boardDelta\":{\"filled\":[{\"x\":4,\"y\":1,\"value\":\"F\"},{\"x\":4,\"y\":0,\"value\":\"L\"},{\"x\":5,\"y\":0,\"value\":\"V\"},{\"x\":6,\"y\":0,\"value\":\"C\"}],\"cleared\":[{\"x\":4,\"y\":6,\"value\":null},{\"x\":4,\"y\":7,\"value\":null},{\"x\":5,\"y\":7,\"value\":null},{\"x\":6,\"y\":7,\"value\":null}],\"board\":[[\"H\",\"T\",\"Q\",\"T\",\"L\",\"V\",\"C\",\"I\"],[\"D\",\"A\",\"I\",\"X\",\"F\",\"A\",\"G\",\"I\"],[\"A\",\"V\",\"A\",\"N\",\"E\",\"P\",\"Q\",\"T\"],[\"Y\",\"E\",\"B\",\"R\",\"P\",\"Z\",\"Y\",\"N\"],[\"V\",\"D\",\"O\",\"Z\",\"P\",\"A\",\"Z\",\"T\"],[\"W\",\"E\",\"B\",\"X\",\"W\",\"M\",\"A\",\"P\"],[\"W\",\"F\",\"J\",\"I\",\"O\",\"J\",\"C\",\"U\"],[\"P\",\"A\",\"W\",\"O\",\"N\",\"G\",\"P\",\"S\"]]}}}','2026-01-29 22:12:49'),(106,40,'5615f244-f889-40e3-91cb-28fac8afb637',24,'WORD_CLEAR','{\"request\":{\"roomId\":\"5615f244-f889-40e3-91cb-28fac8afb637\",\"playerId\":\"2\",\"word\":\"cup\",\"wordLevel\":\"P1\"},\"response\":{\"accepted\":true,\"scoreDelta\":16,\"combo\":23,\"message\":\"accepted\",\"boardDelta\":{\"filled\":[],\"cleared\":[],\"board\":[[\"D\",\"A\",\"C\",\"P\",\"M\",\"N\",\"U\",\"E\"],[\"I\",\"Z\",\"E\",\"G\",\"Z\",\"P\",\"R\",\"P\"],[\"Q\",\"I\",\"S\",\"O\",\"N\",\"E\",\"A\",\"A\"],[\"H\",\"K\",\"C\",\"Z\",\"I\",\"H\",\"G\",\"R\"],[\"S\",\"K\",\"A\",\"G\",\"C\",\"W\",\"M\",\"C\"],[\"C\",\"E\",\"I\",\"M\",\"W\",\"Y\",\"R\",\"Y\"],[\"O\",\"A\",\"T\",\"H\",\"L\",\"F\",\"R\",\"F\"],[\"Z\",\"R\",\"Q\",\"B\",\"Z\",\"P\",\"W\",\"Q\"]]}}}','2026-01-29 22:13:07'),(107,40,'5615f244-f889-40e3-91cb-28fac8afb637',25,'WORD_CLEAR','{\"request\":{\"roomId\":\"5615f244-f889-40e3-91cb-28fac8afb637\",\"playerId\":\"2\",\"word\":\"nose\",\"wordLevel\":\"P1\"},\"response\":{\"accepted\":true,\"scoreDelta\":18,\"combo\":24,\"message\":\"accepted\",\"boardDelta\":{\"filled\":[{\"x\":2,\"y\":1,\"value\":\"M\"},{\"x\":2,\"y\":0,\"value\":\"H\"},{\"x\":3,\"y\":0,\"value\":\"M\"},{\"x\":4,\"y\":0,\"value\":\"K\"}],\"cleared\":[{\"x\":4,\"y\":2,\"value\":null},{\"x\":3,\"y\":2,\"value\":null},{\"x\":2,\"y\":2,\"value\":null},{\"x\":2,\"y\":1,\"value\":null}],\"board\":[[\"D\",\"A\",\"H\",\"M\",\"K\",\"N\",\"U\",\"E\"],[\"I\",\"Z\",\"M\",\"P\",\"M\",\"P\",\"R\",\"P\"],[\"Q\",\"I\",\"C\",\"G\",\"Z\",\"E\",\"A\",\"A\"],[\"H\",\"K\",\"C\",\"Z\",\"I\",\"H\",\"G\",\"R\"],[\"S\",\"K\",\"A\",\"G\",\"C\",\"W\",\"M\",\"C\"],[\"C\",\"E\",\"I\",\"M\",\"W\",\"Y\",\"R\",\"Y\"],[\"O\",\"A\",\"T\",\"H\",\"L\",\"F\",\"R\",\"F\"],[\"Z\",\"R\",\"Q\",\"B\",\"Z\",\"P\",\"W\",\"Q\"]]}}}','2026-01-29 22:13:08'),(108,40,'5615f244-f889-40e3-91cb-28fac8afb637',26,'WORD_CLEAR','{\"request\":{\"roomId\":\"5615f244-f889-40e3-91cb-28fac8afb637\",\"playerId\":\"2\",\"word\":\"cake\",\"wordLevel\":\"P1\"},\"response\":{\"accepted\":true,\"scoreDelta\":18,\"combo\":25,\"message\":\"accepted\",\"boardDelta\":{\"filled\":[{\"x\":1,\"y\":1,\"value\":\"F\"},{\"x\":1,\"y\":0,\"value\":\"M\"},{\"x\":2,\"y\":1,\"value\":\"M\"},{\"x\":2,\"y\":0,\"value\":\"K\"}],\"cleared\":[{\"x\":2,\"y\":3,\"value\":null},{\"x\":2,\"y\":4,\"value\":null},{\"x\":1,\"y\":4,\"value\":null},{\"x\":1,\"y\":5,\"value\":null}],\"board\":[[\"D\",\"M\",\"K\",\"M\",\"K\",\"N\",\"U\",\"E\"],[\"I\",\"F\",\"M\",\"P\",\"M\",\"P\",\"R\",\"P\"],[\"Q\",\"A\",\"H\",\"G\",\"Z\",\"E\",\"A\",\"A\"],[\"H\",\"Z\",\"M\",\"Z\",\"I\",\"H\",\"G\",\"R\"],[\"S\",\"I\",\"C\",\"G\",\"C\",\"W\",\"M\",\"C\"],[\"C\",\"K\",\"I\",\"M\",\"W\",\"Y\",\"R\",\"Y\"],[\"O\",\"A\",\"T\",\"H\",\"L\",\"F\",\"R\",\"F\"],[\"Z\",\"R\",\"Q\",\"B\",\"Z\",\"P\",\"W\",\"Q\"]]}}}','2026-01-29 22:13:10'),(109,40,'5615f244-f889-40e3-91cb-28fac8afb637',27,'WORD_CLEAR','{\"request\":{\"roomId\":\"5615f244-f889-40e3-91cb-28fac8afb637\",\"playerId\":\"2\",\"word\":\"grape\",\"wordLevel\":\"P1\"},\"response\":{\"accepted\":true,\"scoreDelta\":20,\"combo\":26,\"message\":\"accepted\",\"boardDelta\":{\"filled\":[{\"x\":6,\"y\":0,\"value\":\"W\"},{\"x\":7,\"y\":3,\"value\":\"Z\"},{\"x\":7,\"y\":2,\"value\":\"G\"},{\"x\":7,\"y\":1,\"value\":\"K\"},{\"x\":7,\"y\":0,\"value\":\"P\"}],\"cleared\":[{\"x\":6,\"y\":3,\"value\":null},{\"x\":7,\"y\":3,\"value\":null},{\"x\":7,\"y\":2,\"value\":null},{\"x\":7,\"y\":1,\"value\":null},{\"x\":7,\"y\":0,\"value\":null}],\"board\":[[\"D\",\"M\",\"K\",\"M\",\"K\",\"N\",\"W\",\"P\"],[\"I\",\"F\",\"M\",\"P\",\"M\",\"P\",\"U\",\"K\"],[\"Q\",\"A\",\"H\",\"G\",\"Z\",\"E\",\"R\",\"G\"],[\"H\",\"Z\",\"M\",\"Z\",\"I\",\"H\",\"A\",\"Z\"],[\"S\",\"I\",\"C\",\"G\",\"C\",\"W\",\"M\",\"C\"],[\"C\",\"K\",\"I\",\"M\",\"W\",\"Y\",\"R\",\"Y\"],[\"O\",\"A\",\"T\",\"H\",\"L\",\"F\",\"R\",\"F\"],[\"Z\",\"R\",\"Q\",\"B\",\"Z\",\"P\",\"W\",\"Q\"]]}}}','2026-01-29 22:13:11'),(110,40,'5615f244-f889-40e3-91cb-28fac8afb637',28,'WORD_CLEAR','{\"request\":{\"roomId\":\"5615f244-f889-40e3-91cb-28fac8afb637\",\"playerId\":\"2\",\"word\":\"coat\",\"wordLevel\":\"P1\"},\"response\":{\"accepted\":true,\"scoreDelta\":18,\"combo\":27,\"message\":\"accepted\",\"boardDelta\":{\"filled\":[],\"cleared\":[],\"board\":[[\"O\",\"S\",\"H\",\"W\",\"M\",\"I\",\"W\",\"S\"],[\"Q\",\"Y\",\"Z\",\"A\",\"R\",\"Y\",\"L\",\"C\"],[\"V\",\"D\",\"S\",\"K\",\"A\",\"C\",\"N\",\"V\"],[\"E\",\"E\",\"M\",\"R\",\"Q\",\"E\",\"S\",\"O\"],[\"J\",\"K\",\"A\",\"R\",\"C\",\"P\",\"Z\",\"N\"],[\"O\",\"A\",\"E\",\"O\",\"C\",\"O\",\"V\",\"J\"],[\"D\",\"C\",\"P\",\"A\",\"T\",\"C\",\"Q\",\"O\"],[\"T\",\"V\",\"S\",\"N\",\"R\",\"Y\",\"Q\",\"D\"]]}}}','2026-01-29 22:13:18'),(111,40,'5615f244-f889-40e3-91cb-28fac8afb637',29,'WORD_CLEAR','{\"request\":{\"roomId\":\"5615f244-f889-40e3-91cb-28fac8afb637\",\"playerId\":\"2\",\"word\":\"ear\",\"wordLevel\":\"P1\"},\"response\":{\"accepted\":true,\"scoreDelta\":16,\"combo\":28,\"message\":\"accepted\",\"boardDelta\":{\"filled\":[{\"x\":2,\"y\":1,\"value\":\"H\"},{\"x\":2,\"y\":0,\"value\":\"L\"},{\"x\":3,\"y\":0,\"value\":\"I\"}],\"cleared\":[{\"x\":2,\"y\":5,\"value\":null},{\"x\":2,\"y\":4,\"value\":null},{\"x\":3,\"y\":4,\"value\":null}],\"board\":[[\"O\",\"S\",\"L\",\"I\",\"M\",\"I\",\"W\",\"S\"],[\"Q\",\"Y\",\"H\",\"W\",\"R\",\"Y\",\"L\",\"C\"],[\"V\",\"D\",\"H\",\"A\",\"A\",\"C\",\"N\",\"V\"],[\"E\",\"E\",\"Z\",\"K\",\"Q\",\"E\",\"S\",\"O\"],[\"J\",\"K\",\"S\",\"R\",\"C\",\"P\",\"Z\",\"N\"],[\"O\",\"A\",\"M\",\"O\",\"C\",\"O\",\"V\",\"J\"],[\"D\",\"C\",\"P\",\"A\",\"T\",\"C\",\"Q\",\"O\"],[\"T\",\"V\",\"S\",\"N\",\"R\",\"Y\",\"Q\",\"D\"]]}}}','2026-01-29 22:13:22'),(112,40,'5615f244-f889-40e3-91cb-28fac8afb637',30,'WORD_CLEAR','{\"request\":{\"roomId\":\"5615f244-f889-40e3-91cb-28fac8afb637\",\"playerId\":\"2\",\"word\":\"nose\",\"wordLevel\":\"P1\"},\"response\":{\"accepted\":true,\"scoreDelta\":18,\"combo\":29,\"message\":\"accepted\",\"boardDelta\":{\"filled\":[{\"x\":5,\"y\":0,\"value\":\"N\"},{\"x\":6,\"y\":0,\"value\":\"O\"},{\"x\":7,\"y\":1,\"value\":\"A\"},{\"x\":7,\"y\":0,\"value\":\"G\"}],\"cleared\":[{\"x\":7,\"y\":4,\"value\":null},{\"x\":7,\"y\":3,\"value\":null},{\"x\":6,\"y\":3,\"value\":null},{\"x\":5,\"y\":3,\"value\":null}],\"board\":[[\"O\",\"S\",\"L\",\"I\",\"M\",\"N\",\"O\",\"G\"],[\"Q\",\"Y\",\"H\",\"W\",\"R\",\"I\",\"W\",\"A\"],[\"V\",\"D\",\"H\",\"A\",\"A\",\"Y\",\"L\",\"S\"],[\"E\",\"E\",\"Z\",\"K\",\"Q\",\"C\",\"N\",\"C\"],[\"J\",\"K\",\"S\",\"R\",\"C\",\"P\",\"Z\",\"V\"],[\"O\",\"A\",\"M\",\"O\",\"C\",\"O\",\"V\",\"J\"],[\"D\",\"C\",\"P\",\"A\",\"T\",\"C\",\"Q\",\"O\"],[\"T\",\"V\",\"S\",\"N\",\"R\",\"Y\",\"Q\",\"D\"]]}}}','2026-01-29 22:13:24'),(113,40,'5615f244-f889-40e3-91cb-28fac8afb637',31,'WORD_CLEAR','{\"request\":{\"roomId\":\"5615f244-f889-40e3-91cb-28fac8afb637\",\"playerId\":\"2\",\"word\":\"cake\",\"wordLevel\":\"P1\"},\"response\":{\"accepted\":true,\"scoreDelta\":18,\"combo\":30,\"message\":\"accepted\",\"boardDelta\":{\"filled\":[{\"x\":1,\"y\":3,\"value\":\"F\"},{\"x\":1,\"y\":2,\"value\":\"D\"},{\"x\":1,\"y\":1,\"value\":\"J\"},{\"x\":1,\"y\":0,\"value\":\"J\"}],\"cleared\":[{\"x\":1,\"y\":6,\"value\":null},{\"x\":1,\"y\":5,\"value\":null},{\"x\":1,\"y\":4,\"value\":null},{\"x\":1,\"y\":3,\"value\":null}],\"board\":[[\"O\",\"J\",\"L\",\"I\",\"M\",\"N\",\"O\",\"G\"],[\"Q\",\"J\",\"H\",\"W\",\"R\",\"I\",\"W\",\"A\"],[\"V\",\"D\",\"H\",\"A\",\"A\",\"Y\",\"L\",\"S\"],[\"E\",\"F\",\"Z\",\"K\",\"Q\",\"C\",\"N\",\"C\"],[\"J\",\"S\",\"S\",\"R\",\"C\",\"P\",\"Z\",\"V\"],[\"O\",\"Y\",\"M\",\"O\",\"C\",\"O\",\"V\",\"J\"],[\"D\",\"D\",\"P\",\"A\",\"T\",\"C\",\"Q\",\"O\"],[\"T\",\"V\",\"S\",\"N\",\"R\",\"Y\",\"Q\",\"D\"]]}}}','2026-01-29 22:13:28'),(114,40,'5615f244-f889-40e3-91cb-28fac8afb637',32,'WORD_CLEAR','{\"request\":{\"roomId\":\"5615f244-f889-40e3-91cb-28fac8afb637\",\"playerId\":\"2\",\"word\":\"coat\",\"wordLevel\":\"P1\"},\"response\":{\"accepted\":true,\"scoreDelta\":18,\"combo\":31,\"message\":\"accepted\",\"boardDelta\":{\"filled\":[{\"x\":3,\"y\":1,\"value\":\"L\"},{\"x\":3,\"y\":0,\"value\":\"O\"},{\"x\":4,\"y\":1,\"value\":\"K\"},{\"x\":4,\"y\":0,\"value\":\"A\"}],\"cleared\":[{\"x\":4,\"y\":5,\"value\":null},{\"x\":3,\"y\":5,\"value\":null},{\"x\":3,\"y\":6,\"value\":null},{\"x\":4,\"y\":6,\"value\":null}],\"board\":[[\"O\",\"J\",\"L\",\"O\",\"A\",\"N\",\"O\",\"G\"],[\"Q\",\"J\",\"H\",\"L\",\"K\",\"I\",\"W\",\"A\"],[\"V\",\"D\",\"H\",\"I\",\"M\",\"Y\",\"L\",\"S\"],[\"E\",\"F\",\"Z\",\"W\",\"R\",\"C\",\"N\",\"C\"],[\"J\",\"S\",\"S\",\"A\",\"A\",\"P\",\"Z\",\"V\"],[\"O\",\"Y\",\"M\",\"K\",\"Q\",\"O\",\"V\",\"J\"],[\"D\",\"D\",\"P\",\"R\",\"C\",\"C\",\"Q\",\"O\"],[\"T\",\"V\",\"S\",\"N\",\"R\",\"Y\",\"Q\",\"D\"]]}}}','2026-01-29 22:13:30'),(115,40,'5615f244-f889-40e3-91cb-28fac8afb637',33,'WORD_CLEAR','{\"request\":{\"roomId\":\"5615f244-f889-40e3-91cb-28fac8afb637\",\"playerId\":\"2\",\"word\":\"arm\",\"wordLevel\":\"P1\"},\"response\":{\"accepted\":true,\"scoreDelta\":16,\"combo\":32,\"message\":\"accepted\",\"boardDelta\":{\"filled\":[],\"cleared\":[],\"board\":[[\"U\",\"A\",\"N\",\"A\",\"U\",\"H\",\"W\",\"B\"],[\"I\",\"B\",\"A\",\"N\",\"V\",\"E\",\"C\",\"N\"],[\"T\",\"U\",\"G\",\"D\",\"N\",\"A\",\"D\",\"B\"],[\"D\",\"Z\",\"W\",\"N\",\"M\",\"C\",\"E\",\"C\"],[\"H\",\"X\",\"F\",\"F\",\"R\",\"I\",\"H\",\"U\"],[\"M\",\"G\",\"Y\",\"Z\",\"R\",\"G\",\"J\",\"R\"],[\"F\",\"D\",\"H\",\"K\",\"K\",\"Y\",\"Z\",\"K\"],[\"T\",\"E\",\"D\",\"T\",\"U\",\"B\",\"A\",\"C\"]]}}}','2026-01-29 22:13:31'),(116,40,'5615f244-f889-40e3-91cb-28fac8afb637',34,'WORD_CLEAR','{\"request\":{\"roomId\":\"5615f244-f889-40e3-91cb-28fac8afb637\",\"playerId\":\"2\",\"word\":\"rice\",\"wordLevel\":\"P1\"},\"response\":{\"accepted\":true,\"scoreDelta\":18,\"combo\":33,\"message\":\"accepted\",\"boardDelta\":{\"filled\":[{\"x\":4,\"y\":0,\"value\":\"E\"},{\"x\":5,\"y\":1,\"value\":\"K\"},{\"x\":5,\"y\":0,\"value\":\"I\"},{\"x\":6,\"y\":0,\"value\":\"C\"}],\"cleared\":[{\"x\":4,\"y\":4,\"value\":null},{\"x\":5,\"y\":4,\"value\":null},{\"x\":5,\"y\":3,\"value\":null},{\"x\":6,\"y\":3,\"value\":null}],\"board\":[[\"U\",\"A\",\"N\",\"A\",\"E\",\"I\",\"C\",\"B\"],[\"I\",\"B\",\"A\",\"N\",\"U\",\"K\",\"W\",\"N\"],[\"T\",\"U\",\"G\",\"D\",\"V\",\"H\",\"C\",\"B\"],[\"D\",\"Z\",\"W\",\"N\",\"N\",\"E\",\"D\",\"C\"],[\"H\",\"X\",\"F\",\"F\",\"M\",\"A\",\"H\",\"U\"],[\"M\",\"G\",\"Y\",\"Z\",\"R\",\"G\",\"J\",\"R\"],[\"F\",\"D\",\"H\",\"K\",\"K\",\"Y\",\"Z\",\"K\"],[\"T\",\"E\",\"D\",\"T\",\"U\",\"B\",\"A\",\"C\"]]}}}','2026-01-29 22:13:35'),(117,40,'5615f244-f889-40e3-91cb-28fac8afb637',35,'WORD_CLEAR','{\"request\":{\"roomId\":\"5615f244-f889-40e3-91cb-28fac8afb637\",\"playerId\":\"2\",\"word\":\"banana\",\"wordLevel\":\"P1\"},\"response\":{\"accepted\":true,\"scoreDelta\":22,\"combo\":34,\"message\":\"accepted\",\"boardDelta\":{\"filled\":[{\"x\":1,\"y\":1,\"value\":\"O\"},{\"x\":1,\"y\":0,\"value\":\"J\"},{\"x\":2,\"y\":1,\"value\":\"L\"},{\"x\":2,\"y\":0,\"value\":\"S\"},{\"x\":3,\"y\":1,\"value\":\"Y\"},{\"x\":3,\"y\":0,\"value\":\"G\"}],\"cleared\":[{\"x\":1,\"y\":1,\"value\":null},{\"x\":2,\"y\":1,\"value\":null},{\"x\":3,\"y\":1,\"value\":null},{\"x\":3,\"y\":0,\"value\":null},{\"x\":2,\"y\":0,\"value\":null},{\"x\":1,\"y\":0,\"value\":null}],\"board\":[[\"U\",\"J\",\"S\",\"G\",\"E\",\"I\",\"C\",\"B\"],[\"I\",\"O\",\"L\",\"Y\",\"U\",\"K\",\"W\",\"N\"],[\"T\",\"U\",\"G\",\"D\",\"V\",\"H\",\"C\",\"B\"],[\"D\",\"Z\",\"W\",\"N\",\"N\",\"E\",\"D\",\"C\"],[\"H\",\"X\",\"F\",\"F\",\"M\",\"A\",\"H\",\"U\"],[\"M\",\"G\",\"Y\",\"Z\",\"R\",\"G\",\"J\",\"R\"],[\"F\",\"D\",\"H\",\"K\",\"K\",\"Y\",\"Z\",\"K\"],[\"T\",\"E\",\"D\",\"T\",\"U\",\"B\",\"A\",\"C\"]]}}}','2026-01-29 22:13:36'),(118,40,'5615f244-f889-40e3-91cb-28fac8afb637',36,'WORD_CLEAR','{\"request\":{\"roomId\":\"5615f244-f889-40e3-91cb-28fac8afb637\",\"playerId\":\"2\",\"word\":\"back\",\"wordLevel\":\"P1\"},\"response\":{\"accepted\":true,\"scoreDelta\":18,\"combo\":35,\"message\":\"accepted\",\"boardDelta\":{\"filled\":[{\"x\":5,\"y\":0,\"value\":\"U\"},{\"x\":6,\"y\":0,\"value\":\"F\"},{\"x\":7,\"y\":1,\"value\":\"G\"},{\"x\":7,\"y\":0,\"value\":\"Z\"}],\"cleared\":[{\"x\":5,\"y\":7,\"value\":null},{\"x\":6,\"y\":7,\"value\":null},{\"x\":7,\"y\":7,\"value\":null},{\"x\":7,\"y\":6,\"value\":null}],\"board\":[[\"U\",\"J\",\"S\",\"G\",\"E\",\"U\",\"F\",\"Z\"],[\"I\",\"O\",\"L\",\"Y\",\"U\",\"I\",\"C\",\"G\"],[\"T\",\"U\",\"G\",\"D\",\"V\",\"K\",\"W\",\"B\"],[\"D\",\"Z\",\"W\",\"N\",\"N\",\"H\",\"C\",\"N\"],[\"H\",\"X\",\"F\",\"F\",\"M\",\"E\",\"D\",\"B\"],[\"M\",\"G\",\"Y\",\"Z\",\"R\",\"A\",\"H\",\"C\"],[\"F\",\"D\",\"H\",\"K\",\"K\",\"G\",\"J\",\"U\"],[\"T\",\"E\",\"D\",\"T\",\"U\",\"Y\",\"Z\",\"R\"]]}}}','2026-01-29 22:13:38'),(119,40,'5615f244-f889-40e3-91cb-28fac8afb637',37,'WORD_CLEAR','{\"request\":{\"roomId\":\"5615f244-f889-40e3-91cb-28fac8afb637\",\"playerId\":\"2\",\"word\":\"arm\",\"wordLevel\":\"P1\"},\"response\":{\"accepted\":true,\"scoreDelta\":16,\"combo\":36,\"message\":\"accepted\",\"boardDelta\":{\"filled\":[],\"cleared\":[],\"board\":[[\"H\",\"Z\",\"K\",\"C\",\"S\",\"W\",\"L\",\"C\"],[\"T\",\"A\",\"Q\",\"A\",\"B\",\"Z\",\"Z\",\"E\"],[\"C\",\"O\",\"N\",\"I\",\"O\",\"E\",\"S\",\"A\"],[\"V\",\"L\",\"K\",\"G\",\"G\",\"G\",\"J\",\"R\"],[\"N\",\"T\",\"P\",\"E\",\"L\",\"F\",\"W\",\"P\"],[\"Q\",\"C\",\"S\",\"G\",\"Q\",\"Q\",\"A\",\"C\"],[\"T\",\"M\",\"H\",\"K\",\"U\",\"Q\",\"I\",\"L\"],[\"U\",\"E\",\"K\",\"P\",\"H\",\"L\",\"W\",\"L\"]]}}}','2026-01-29 22:13:41'),(120,40,'5615f244-f889-40e3-91cb-28fac8afb637',38,'WORD_CLEAR','{\"request\":{\"roomId\":\"5615f244-f889-40e3-91cb-28fac8afb637\",\"playerId\":\"2\",\"word\":\"ear\",\"wordLevel\":\"P1\"},\"response\":{\"accepted\":true,\"scoreDelta\":16,\"combo\":37,\"message\":\"accepted\",\"boardDelta\":{\"filled\":[{\"x\":7,\"y\":2,\"value\":\"H\"},{\"x\":7,\"y\":1,\"value\":\"R\"},{\"x\":7,\"y\":0,\"value\":\"M\"}],\"cleared\":[{\"x\":7,\"y\":1,\"value\":null},{\"x\":7,\"y\":2,\"value\":null},{\"x\":7,\"y\":3,\"value\":null}],\"board\":[[\"H\",\"Z\",\"K\",\"C\",\"S\",\"W\",\"L\",\"M\"],[\"T\",\"A\",\"Q\",\"A\",\"B\",\"Z\",\"Z\",\"R\"],[\"C\",\"O\",\"N\",\"I\",\"O\",\"E\",\"S\",\"H\"],[\"V\",\"L\",\"K\",\"G\",\"G\",\"G\",\"J\",\"C\"],[\"N\",\"T\",\"P\",\"E\",\"L\",\"F\",\"W\",\"P\"],[\"Q\",\"C\",\"S\",\"G\",\"Q\",\"Q\",\"A\",\"C\"],[\"T\",\"M\",\"H\",\"K\",\"U\",\"Q\",\"I\",\"L\"],[\"U\",\"E\",\"K\",\"P\",\"H\",\"L\",\"W\",\"L\"]]}}}','2026-01-29 22:13:42'),(121,40,'5615f244-f889-40e3-91cb-28fac8afb637',39,'WORD_CLEAR','{\"request\":{\"roomId\":\"5615f244-f889-40e3-91cb-28fac8afb637\",\"playerId\":\"2\",\"word\":\"egg\",\"wordLevel\":\"P1\"},\"response\":{\"accepted\":true,\"scoreDelta\":16,\"combo\":38,\"message\":\"accepted\",\"boardDelta\":{\"filled\":[{\"x\":4,\"y\":0,\"value\":\"Y\"},{\"x\":5,\"y\":1,\"value\":\"G\"},{\"x\":5,\"y\":0,\"value\":\"I\"}],\"cleared\":[{\"x\":5,\"y\":2,\"value\":null},{\"x\":5,\"y\":3,\"value\":null},{\"x\":4,\"y\":3,\"value\":null}],\"board\":[[\"H\",\"Z\",\"K\",\"C\",\"Y\",\"I\",\"L\",\"M\"],[\"T\",\"A\",\"Q\",\"A\",\"S\",\"G\",\"Z\",\"R\"],[\"C\",\"O\",\"N\",\"I\",\"B\",\"W\",\"S\",\"H\"],[\"V\",\"L\",\"K\",\"G\",\"O\",\"Z\",\"J\",\"C\"],[\"N\",\"T\",\"P\",\"E\",\"L\",\"F\",\"W\",\"P\"],[\"Q\",\"C\",\"S\",\"G\",\"Q\",\"Q\",\"A\",\"C\"],[\"T\",\"M\",\"H\",\"K\",\"U\",\"Q\",\"I\",\"L\"],[\"U\",\"E\",\"K\",\"P\",\"H\",\"L\",\"W\",\"L\"]]}}}','2026-01-29 22:13:44'),(122,40,'5615f244-f889-40e3-91cb-28fac8afb637',40,'WORD_CLEAR','{\"request\":{\"roomId\":\"5615f244-f889-40e3-91cb-28fac8afb637\",\"playerId\":\"2\",\"word\":\"leg\",\"wordLevel\":\"P1\"},\"response\":{\"accepted\":true,\"scoreDelta\":16,\"combo\":39,\"message\":\"accepted\",\"boardDelta\":{\"filled\":[{\"x\":3,\"y\":1,\"value\":\"K\"},{\"x\":3,\"y\":0,\"value\":\"Y\"},{\"x\":4,\"y\":0,\"value\":\"H\"}],\"cleared\":[{\"x\":4,\"y\":4,\"value\":null},{\"x\":3,\"y\":4,\"value\":null},{\"x\":3,\"y\":5,\"value\":null}],\"board\":[[\"H\",\"Z\",\"K\",\"Y\",\"H\",\"I\",\"L\",\"M\"],[\"T\",\"A\",\"Q\",\"K\",\"Y\",\"G\",\"Z\",\"R\"],[\"C\",\"O\",\"N\",\"C\",\"S\",\"W\",\"S\",\"H\"],[\"V\",\"L\",\"K\",\"A\",\"B\",\"Z\",\"J\",\"C\"],[\"N\",\"T\",\"P\",\"I\",\"O\",\"F\",\"W\",\"P\"],[\"Q\",\"C\",\"S\",\"G\",\"Q\",\"Q\",\"A\",\"C\"],[\"T\",\"M\",\"H\",\"K\",\"U\",\"Q\",\"I\",\"L\"],[\"U\",\"E\",\"K\",\"P\",\"H\",\"L\",\"W\",\"L\"]]}}}','2026-01-29 22:13:46'),(123,40,'5615f244-f889-40e3-91cb-28fac8afb637',41,'WORD_CLEAR','{\"request\":{\"roomId\":\"5615f244-f889-40e3-91cb-28fac8afb637\",\"playerId\":\"2\",\"word\":\"back\",\"wordLevel\":\"P1\"},\"response\":{\"accepted\":true,\"scoreDelta\":18,\"combo\":40,\"message\":\"accepted\",\"boardDelta\":{\"filled\":[{\"x\":3,\"y\":2,\"value\":\"E\"},{\"x\":3,\"y\":1,\"value\":\"X\"},{\"x\":3,\"y\":0,\"value\":\"Z\"},{\"x\":4,\"y\":0,\"value\":\"H\"}],\"cleared\":[{\"x\":4,\"y\":3,\"value\":null},{\"x\":3,\"y\":3,\"value\":null},{\"x\":3,\"y\":2,\"value\":null},{\"x\":3,\"y\":1,\"value\":null}],\"board\":[[\"H\",\"Z\",\"K\",\"Z\",\"H\",\"I\",\"L\",\"M\"],[\"T\",\"A\",\"Q\",\"X\",\"H\",\"G\",\"Z\",\"R\"],[\"C\",\"O\",\"N\",\"E\",\"Y\",\"W\",\"S\",\"H\"],[\"V\",\"L\",\"K\",\"Y\",\"S\",\"Z\",\"J\",\"C\"],[\"N\",\"T\",\"P\",\"I\",\"O\",\"F\",\"W\",\"P\"],[\"Q\",\"C\",\"S\",\"G\",\"Q\",\"Q\",\"A\",\"C\"],[\"T\",\"M\",\"H\",\"K\",\"U\",\"Q\",\"I\",\"L\"],[\"U\",\"E\",\"K\",\"P\",\"H\",\"L\",\"W\",\"L\"]]}}}','2026-01-29 22:13:47'),(124,40,'5615f244-f889-40e3-91cb-28fac8afb637',42,'WORD_CLEAR','{\"request\":{\"roomId\":\"5615f244-f889-40e3-91cb-28fac8afb637\",\"playerId\":\"2\",\"word\":\"coat\",\"wordLevel\":\"P1\"},\"response\":{\"accepted\":true,\"scoreDelta\":18,\"combo\":41,\"message\":\"accepted\",\"boardDelta\":{\"filled\":[],\"cleared\":[],\"board\":[[\"C\",\"F\",\"V\",\"Z\",\"T\",\"Z\",\"N\",\"N\"],[\"P\",\"D\",\"U\",\"K\",\"W\",\"F\",\"H\",\"S\"],[\"U\",\"B\",\"H\",\"Q\",\"U\",\"U\",\"L\",\"X\"],[\"D\",\"W\",\"S\",\"A\",\"S\",\"A\",\"K\",\"S\"],[\"P\",\"C\",\"P\",\"Y\",\"Y\",\"N\",\"L\",\"E\"],[\"Y\",\"B\",\"M\",\"V\",\"Q\",\"H\",\"D\",\"D\"],[\"X\",\"O\",\"K\",\"J\",\"Y\",\"Z\",\"R\",\"Z\"],[\"H\",\"Z\",\"B\",\"A\",\"H\",\"H\",\"A\",\"T\"]]}}}','2026-01-29 22:13:49'),(125,40,'5615f244-f889-40e3-91cb-28fac8afb637',43,'WORD_CLEAR','{\"request\":{\"roomId\":\"5615f244-f889-40e3-91cb-28fac8afb637\",\"playerId\":\"2\",\"word\":\"hat\",\"wordLevel\":\"P1\"},\"response\":{\"accepted\":true,\"scoreDelta\":16,\"combo\":42,\"message\":\"accepted\",\"boardDelta\":{\"filled\":[{\"x\":5,\"y\":0,\"value\":\"S\"},{\"x\":6,\"y\":0,\"value\":\"O\"},{\"x\":7,\"y\":0,\"value\":\"O\"}],\"cleared\":[{\"x\":5,\"y\":7,\"value\":null},{\"x\":6,\"y\":7,\"value\":null},{\"x\":7,\"y\":7,\"value\":null}],\"board\":[[\"C\",\"F\",\"V\",\"Z\",\"T\",\"S\",\"O\",\"O\"],[\"P\",\"D\",\"U\",\"K\",\"W\",\"Z\",\"N\",\"N\"],[\"U\",\"B\",\"H\",\"Q\",\"U\",\"F\",\"H\",\"S\"],[\"D\",\"W\",\"S\",\"A\",\"S\",\"U\",\"L\",\"X\"],[\"P\",\"C\",\"P\",\"Y\",\"Y\",\"A\",\"K\",\"S\"],[\"Y\",\"B\",\"M\",\"V\",\"Q\",\"N\",\"L\",\"E\"],[\"X\",\"O\",\"K\",\"J\",\"Y\",\"H\",\"D\",\"D\"],[\"H\",\"Z\",\"B\",\"A\",\"H\",\"Z\",\"R\",\"Z\"]]}}}','2026-01-29 22:13:50'),(126,40,'5615f244-f889-40e3-91cb-28fac8afb637',44,'WORD_CLEAR','{\"request\":{\"roomId\":\"5615f244-f889-40e3-91cb-28fac8afb637\",\"playerId\":\"2\",\"word\":\"desk\",\"wordLevel\":\"P1\"},\"response\":{\"accepted\":true,\"scoreDelta\":18,\"combo\":43,\"message\":\"accepted\",\"boardDelta\":{\"filled\":[{\"x\":6,\"y\":0,\"value\":\"U\"},{\"x\":7,\"y\":2,\"value\":\"Z\"},{\"x\":7,\"y\":1,\"value\":\"J\"},{\"x\":7,\"y\":0,\"value\":\"E\"}],\"cleared\":[{\"x\":7,\"y\":6,\"value\":null},{\"x\":7,\"y\":5,\"value\":null},{\"x\":7,\"y\":4,\"value\":null},{\"x\":6,\"y\":4,\"value\":null}],\"board\":[[\"C\",\"F\",\"V\",\"Z\",\"T\",\"S\",\"U\",\"E\"],[\"P\",\"D\",\"U\",\"K\",\"W\",\"Z\",\"O\",\"J\"],[\"U\",\"B\",\"H\",\"Q\",\"U\",\"F\",\"N\",\"Z\"],[\"D\",\"W\",\"S\",\"A\",\"S\",\"U\",\"H\",\"O\"],[\"P\",\"C\",\"P\",\"Y\",\"Y\",\"A\",\"L\",\"N\"],[\"Y\",\"B\",\"M\",\"V\",\"Q\",\"N\",\"L\",\"S\"],[\"X\",\"O\",\"K\",\"J\",\"Y\",\"H\",\"D\",\"X\"],[\"H\",\"Z\",\"B\",\"A\",\"H\",\"Z\",\"R\",\"Z\"]]}}}','2026-01-29 22:13:56'),(127,40,'5615f244-f889-40e3-91cb-28fac8afb637',45,'WORD_CLEAR','{\"request\":{\"roomId\":\"5615f244-f889-40e3-91cb-28fac8afb637\",\"playerId\":\"2\",\"word\":\"box\",\"wordLevel\":\"P1\"},\"response\":{\"accepted\":true,\"scoreDelta\":16,\"combo\":44,\"message\":\"accepted\",\"boardDelta\":{\"filled\":[],\"cleared\":[],\"board\":[[\"J\",\"F\",\"X\",\"D\",\"F\",\"C\",\"M\",\"Z\"],[\"Y\",\"V\",\"A\",\"C\",\"K\",\"J\",\"E\",\"P\"],[\"F\",\"P\",\"B\",\"E\",\"L\",\"C\",\"I\",\"X\"],[\"S\",\"W\",\"S\",\"M\",\"E\",\"X\",\"K\",\"Q\"],[\"A\",\"N\",\"C\",\"Y\",\"S\",\"O\",\"N\",\"E\"],[\"N\",\"A\",\"T\",\"D\",\"U\",\"J\",\"C\",\"J\"],[\"A\",\"B\",\"X\",\"P\",\"B\",\"A\",\"F\",\"C\"],[\"R\",\"W\",\"C\",\"C\",\"R\",\"J\",\"S\",\"T\"]]}}}','2026-01-29 22:13:57'),(128,40,'5615f244-f889-40e3-91cb-28fac8afb637',46,'WORD_CLEAR','{\"request\":{\"roomId\":\"5615f244-f889-40e3-91cb-28fac8afb637\",\"playerId\":\"2\",\"word\":\"banana\",\"wordLevel\":\"P1\"},\"response\":{\"accepted\":true,\"scoreDelta\":22,\"combo\":45,\"message\":\"accepted\",\"boardDelta\":{\"filled\":[{\"x\":0,\"y\":2,\"value\":\"L\"},{\"x\":0,\"y\":1,\"value\":\"P\"},{\"x\":0,\"y\":0,\"value\":\"S\"},{\"x\":1,\"y\":2,\"value\":\"L\"},{\"x\":1,\"y\":1,\"value\":\"K\"},{\"x\":1,\"y\":0,\"value\":\"L\"}],\"cleared\":[{\"x\":1,\"y\":6,\"value\":null},{\"x\":0,\"y\":6,\"value\":null},{\"x\":0,\"y\":5,\"value\":null},{\"x\":1,\"y\":5,\"value\":null},{\"x\":1,\"y\":4,\"value\":null},{\"x\":0,\"y\":4,\"value\":null}],\"board\":[[\"S\",\"L\",\"X\",\"D\",\"F\",\"C\",\"M\",\"Z\"],[\"P\",\"K\",\"A\",\"C\",\"K\",\"J\",\"E\",\"P\"],[\"L\",\"L\",\"B\",\"E\",\"L\",\"C\",\"I\",\"X\"],[\"J\",\"F\",\"S\",\"M\",\"E\",\"X\",\"K\",\"Q\"],[\"Y\",\"V\",\"C\",\"Y\",\"S\",\"O\",\"N\",\"E\"],[\"F\",\"P\",\"T\",\"D\",\"U\",\"J\",\"C\",\"J\"],[\"S\",\"W\",\"X\",\"P\",\"B\",\"A\",\"F\",\"C\"],[\"R\",\"W\",\"C\",\"C\",\"R\",\"J\",\"S\",\"T\"]]}}}','2026-01-29 22:13:58'),(129,40,'5615f244-f889-40e3-91cb-28fac8afb637',47,'WORD_CLEAR','{\"request\":{\"roomId\":\"5615f244-f889-40e3-91cb-28fac8afb637\",\"playerId\":\"2\",\"word\":\"nose\",\"wordLevel\":\"P1\"},\"response\":{\"accepted\":true,\"scoreDelta\":18,\"combo\":46,\"message\":\"accepted\",\"boardDelta\":{\"filled\":[],\"cleared\":[],\"board\":[[\"X\",\"Z\",\"B\",\"W\",\"K\",\"M\",\"R\",\"A\"],[\"Q\",\"O\",\"F\",\"Y\",\"G\",\"O\",\"A\",\"N\"],[\"D\",\"Q\",\"M\",\"L\",\"R\",\"O\",\"S\",\"A\"],[\"J\",\"I\",\"D\",\"G\",\"B\",\"O\",\"E\",\"I\"],[\"G\",\"G\",\"M\",\"R\",\"A\",\"C\",\"E\",\"Z\"],[\"M\",\"R\",\"X\",\"O\",\"Q\",\"K\",\"X\",\"T\"],[\"D\",\"A\",\"S\",\"B\",\"E\",\"A\",\"R\",\"Z\"],[\"R\",\"E\",\"P\",\"E\",\"M\",\"T\",\"O\",\"L\"]]}}}','2026-01-29 22:13:59'),(130,40,'5615f244-f889-40e3-91cb-28fac8afb637',48,'WORD_CLEAR','{\"request\":{\"roomId\":\"5615f244-f889-40e3-91cb-28fac8afb637\",\"playerId\":\"2\",\"word\":\"ear\",\"wordLevel\":\"P1\"},\"response\":{\"accepted\":true,\"scoreDelta\":16,\"combo\":47,\"message\":\"accepted\",\"boardDelta\":{\"filled\":[{\"x\":4,\"y\":0,\"value\":\"D\"},{\"x\":5,\"y\":0,\"value\":\"U\"},{\"x\":6,\"y\":0,\"value\":\"T\"}],\"cleared\":[{\"x\":4,\"y\":6,\"value\":null},{\"x\":5,\"y\":6,\"value\":null},{\"x\":6,\"y\":6,\"value\":null}],\"board\":[[\"X\",\"Z\",\"B\",\"W\",\"D\",\"U\",\"T\",\"A\"],[\"Q\",\"O\",\"F\",\"Y\",\"K\",\"M\",\"R\",\"N\"],[\"D\",\"Q\",\"M\",\"L\",\"G\",\"O\",\"A\",\"A\"],[\"J\",\"I\",\"D\",\"G\",\"R\",\"O\",\"S\",\"I\"],[\"G\",\"G\",\"M\",\"R\",\"B\",\"O\",\"E\",\"Z\"],[\"M\",\"R\",\"X\",\"O\",\"A\",\"C\",\"E\",\"T\"],[\"D\",\"A\",\"S\",\"B\",\"Q\",\"K\",\"X\",\"Z\"],[\"R\",\"E\",\"P\",\"E\",\"M\",\"T\",\"O\",\"L\"]]}}}','2026-01-29 22:14:02'),(131,40,'5615f244-f889-40e3-91cb-28fac8afb637',49,'WORD_CLEAR','{\"request\":{\"roomId\":\"5615f244-f889-40e3-91cb-28fac8afb637\",\"playerId\":\"2\",\"word\":\"back\",\"wordLevel\":\"P1\"},\"response\":{\"accepted\":true,\"scoreDelta\":18,\"combo\":48,\"message\":\"accepted\",\"boardDelta\":{\"filled\":[{\"x\":4,\"y\":1,\"value\":\"P\"},{\"x\":4,\"y\":0,\"value\":\"H\"},{\"x\":5,\"y\":1,\"value\":\"G\"},{\"x\":5,\"y\":0,\"value\":\"N\"}],\"cleared\":[{\"x\":4,\"y\":4,\"value\":null},{\"x\":4,\"y\":5,\"value\":null},{\"x\":5,\"y\":5,\"value\":null},{\"x\":5,\"y\":6,\"value\":null}],\"board\":[[\"X\",\"Z\",\"B\",\"W\",\"H\",\"N\",\"T\",\"A\"],[\"Q\",\"O\",\"F\",\"Y\",\"P\",\"G\",\"R\",\"N\"],[\"D\",\"Q\",\"M\",\"L\",\"D\",\"U\",\"A\",\"A\"],[\"J\",\"I\",\"D\",\"G\",\"K\",\"M\",\"S\",\"I\"],[\"G\",\"G\",\"M\",\"R\",\"G\",\"O\",\"E\",\"Z\"],[\"M\",\"R\",\"X\",\"O\",\"R\",\"O\",\"E\",\"T\"],[\"D\",\"A\",\"S\",\"B\",\"Q\",\"O\",\"X\",\"Z\"],[\"R\",\"E\",\"P\",\"E\",\"M\",\"T\",\"O\",\"L\"]]}}}','2026-01-29 22:14:03'),(132,40,'5615f244-f889-40e3-91cb-28fac8afb637',50,'WORD_CLEAR','{\"request\":{\"roomId\":\"5615f244-f889-40e3-91cb-28fac8afb637\",\"playerId\":\"2\",\"word\":\"box\",\"wordLevel\":\"P1\"},\"response\":{\"accepted\":true,\"scoreDelta\":16,\"combo\":49,\"message\":\"accepted\",\"boardDelta\":{\"filled\":[{\"x\":2,\"y\":0,\"value\":\"V\"},{\"x\":3,\"y\":1,\"value\":\"R\"},{\"x\":3,\"y\":0,\"value\":\"O\"}],\"cleared\":[{\"x\":3,\"y\":6,\"value\":null},{\"x\":3,\"y\":5,\"value\":null},{\"x\":2,\"y\":5,\"value\":null}],\"board\":[[\"X\",\"Z\",\"V\",\"O\",\"H\",\"N\",\"T\",\"A\"],[\"Q\",\"O\",\"B\",\"R\",\"P\",\"G\",\"R\",\"N\"],[\"D\",\"Q\",\"F\",\"W\",\"D\",\"U\",\"A\",\"A\"],[\"J\",\"I\",\"M\",\"Y\",\"K\",\"M\",\"S\",\"I\"],[\"G\",\"G\",\"D\",\"L\",\"G\",\"O\",\"E\",\"Z\"],[\"M\",\"R\",\"M\",\"G\",\"R\",\"O\",\"E\",\"T\"],[\"D\",\"A\",\"S\",\"R\",\"Q\",\"O\",\"X\",\"Z\"],[\"R\",\"E\",\"P\",\"E\",\"M\",\"T\",\"O\",\"L\"]]}}}','2026-01-29 22:14:37'),(133,40,'5615f244-f889-40e3-91cb-28fac8afb637',51,'WORD_CLEAR','{\"request\":{\"roomId\":\"5615f244-f889-40e3-91cb-28fac8afb637\",\"playerId\":\"2\",\"word\":\"pear\",\"wordLevel\":\"P1\"},\"response\":{\"accepted\":true,\"scoreDelta\":18,\"combo\":50,\"message\":\"accepted\",\"boardDelta\":{\"filled\":[],\"cleared\":[],\"board\":[[\"B\",\"H\",\"J\",\"G\",\"L\",\"A\",\"A\",\"K\"],[\"H\",\"B\",\"F\",\"M\",\"Z\",\"L\",\"V\",\"T\"],[\"G\",\"A\",\"X\",\"N\",\"X\",\"F\",\"E\",\"K\"],[\"U\",\"E\",\"W\",\"H\",\"K\",\"B\",\"H\",\"R\"],[\"V\",\"J\",\"G\",\"X\",\"K\",\"L\",\"N\",\"K\"],[\"X\",\"Q\",\"K\",\"R\",\"D\",\"W\",\"G\",\"L\"],[\"Y\",\"G\",\"F\",\"H\",\"H\",\"E\",\"E\",\"R\"],[\"K\",\"Q\",\"T\",\"A\",\"D\",\"A\",\"C\",\"I\"]]}}}','2026-01-29 22:15:01'),(134,41,'3b52d007-d8bc-46d9-80da-63eb8969a137',1,'MATCH_START','{\"roomId\":\"3b52d007-d8bc-46d9-80da-63eb8969a137\",\"mode\":\"SOLO\",\"status\":\"RUNNING\",\"maxPlayers\":1,\"players\":[\"2\"],\"scores\":{\"2\":0}}','2026-01-29 22:19:32'),(135,41,'3b52d007-d8bc-46d9-80da-63eb8969a137',2,'WORD_CLEAR','{\"request\":{\"roomId\":\"3b52d007-d8bc-46d9-80da-63eb8969a137\",\"playerId\":\"2\",\"word\":\"ear\",\"wordLevel\":\"P1\"},\"response\":{\"accepted\":true,\"scoreDelta\":8,\"combo\":1,\"message\":\"accepted\",\"boardDelta\":{\"filled\":[{\"x\":5,\"y\":0,\"value\":\"G\"},{\"x\":6,\"y\":0,\"value\":\"S\"},{\"x\":7,\"y\":0,\"value\":\"X\"}],\"cleared\":[{\"x\":7,\"y\":4,\"value\":null},{\"x\":6,\"y\":4,\"value\":null},{\"x\":5,\"y\":4,\"value\":null}],\"board\":[[\"N\",\"Y\",\"P\",\"B\",\"R\",\"G\",\"S\",\"X\"],[\"J\",\"C\",\"S\",\"L\",\"A\",\"G\",\"P\",\"U\"],[\"V\",\"I\",\"W\",\"S\",\"P\",\"R\",\"V\",\"C\"],[\"L\",\"Y\",\"D\",\"Z\",\"V\",\"E\",\"D\",\"B\"],[\"C\",\"S\",\"G\",\"V\",\"K\",\"Q\",\"V\",\"B\"],[\"Q\",\"F\",\"S\",\"B\",\"R\",\"O\",\"Z\",\"R\"],[\"C\",\"J\",\"R\",\"L\",\"W\",\"K\",\"R\",\"R\"],[\"J\",\"X\",\"L\",\"S\",\"Y\",\"N\",\"R\",\"C\"]]}}}','2026-01-29 22:19:37'),(136,41,'3b52d007-d8bc-46d9-80da-63eb8969a137',3,'WORD_CLEAR','{\"request\":{\"roomId\":\"3b52d007-d8bc-46d9-80da-63eb8969a137\",\"playerId\":\"2\",\"word\":\"cup\",\"wordLevel\":\"P1\"},\"response\":{\"accepted\":true,\"scoreDelta\":10,\"combo\":2,\"message\":\"accepted\",\"boardDelta\":{\"filled\":[],\"cleared\":[],\"board\":[[\"V\",\"T\",\"W\",\"A\",\"R\",\"A\",\"E\",\"J\"],[\"U\",\"Y\",\"I\",\"Q\",\"T\",\"L\",\"N\",\"V\"],[\"K\",\"J\",\"L\",\"S\",\"T\",\"K\",\"G\",\"M\"],[\"P\",\"B\",\"H\",\"V\",\"Q\",\"K\",\"F\",\"Z\"],[\"B\",\"O\",\"T\",\"D\",\"R\",\"K\",\"U\",\"B\"],[\"Y\",\"X\",\"R\",\"O\",\"N\",\"N\",\"L\",\"T\"],[\"V\",\"C\",\"Q\",\"U\",\"D\",\"Q\",\"O\",\"J\"],[\"M\",\"L\",\"U\",\"D\",\"E\",\"S\",\"K\",\"O\"]]}}}','2026-01-29 22:19:39'),(137,41,'3b52d007-d8bc-46d9-80da-63eb8969a137',4,'WORD_CLEAR','{\"request\":{\"roomId\":\"3b52d007-d8bc-46d9-80da-63eb8969a137\",\"playerId\":\"2\",\"word\":\"desk\",\"wordLevel\":\"P1\"},\"response\":{\"accepted\":true,\"scoreDelta\":14,\"combo\":3,\"message\":\"accepted\",\"boardDelta\":{\"filled\":[{\"x\":4,\"y\":1,\"value\":\"Y\"},{\"x\":4,\"y\":0,\"value\":\"J\"},{\"x\":5,\"y\":0,\"value\":\"W\"},{\"x\":6,\"y\":0,\"value\":\"J\"}],\"cleared\":[{\"x\":4,\"y\":6,\"value\":null},{\"x\":4,\"y\":7,\"value\":null},{\"x\":5,\"y\":7,\"value\":null},{\"x\":6,\"y\":7,\"value\":null}],\"board\":[[\"V\",\"T\",\"W\",\"A\",\"J\",\"W\",\"J\",\"J\"],[\"U\",\"Y\",\"I\",\"Q\",\"Y\",\"A\",\"E\",\"V\"],[\"K\",\"J\",\"L\",\"S\",\"R\",\"L\",\"N\",\"M\"],[\"P\",\"B\",\"H\",\"V\",\"T\",\"K\",\"G\",\"Z\"],[\"B\",\"O\",\"T\",\"D\",\"T\",\"K\",\"F\",\"B\"],[\"Y\",\"X\",\"R\",\"O\",\"Q\",\"K\",\"U\",\"T\"],[\"V\",\"C\",\"Q\",\"U\",\"R\",\"N\",\"L\",\"J\"],[\"M\",\"L\",\"U\",\"D\",\"N\",\"Q\",\"O\",\"O\"]]}}}','2026-01-29 22:19:40'),(138,41,'3b52d007-d8bc-46d9-80da-63eb8969a137',5,'WORD_CLEAR','{\"request\":{\"roomId\":\"3b52d007-d8bc-46d9-80da-63eb8969a137\",\"playerId\":\"2\",\"word\":\"box\",\"wordLevel\":\"P1\"},\"response\":{\"accepted\":true,\"scoreDelta\":14,\"combo\":4,\"message\":\"accepted\",\"boardDelta\":{\"filled\":[],\"cleared\":[],\"board\":[[\"X\",\"Q\",\"A\",\"V\",\"G\",\"Z\",\"G\",\"D\"],[\"C\",\"C\",\"S\",\"D\",\"A\",\"E\",\"H\",\"S\"],[\"X\",\"U\",\"N\",\"F\",\"L\",\"K\",\"L\",\"R\"],[\"P\",\"M\",\"H\",\"G\",\"U\",\"N\",\"Q\",\"R\"],[\"Q\",\"H\",\"O\",\"V\",\"B\",\"O\",\"H\",\"A\"],[\"O\",\"P\",\"O\",\"X\",\"O\",\"R\",\"X\",\"T\"],[\"L\",\"L\",\"L\",\"O\",\"P\",\"J\",\"Y\",\"M\"],[\"M\",\"R\",\"K\",\"I\",\"C\",\"N\",\"D\",\"U\"]]}}}','2026-01-29 22:20:00'),(139,41,'3b52d007-d8bc-46d9-80da-63eb8969a137',6,'WORD_CLEAR','{\"request\":{\"roomId\":\"3b52d007-d8bc-46d9-80da-63eb8969a137\",\"playerId\":\"2\",\"word\":\"hat\",\"wordLevel\":\"P1\"},\"response\":{\"accepted\":true,\"scoreDelta\":16,\"combo\":5,\"message\":\"accepted\",\"boardDelta\":{\"filled\":[{\"x\":6,\"y\":0,\"value\":\"R\"},{\"x\":7,\"y\":1,\"value\":\"O\"},{\"x\":7,\"y\":0,\"value\":\"R\"}],\"cleared\":[{\"x\":6,\"y\":4,\"value\":null},{\"x\":7,\"y\":4,\"value\":null},{\"x\":7,\"y\":5,\"value\":null}],\"board\":[[\"X\",\"Q\",\"A\",\"V\",\"G\",\"Z\",\"R\",\"R\"],[\"C\",\"C\",\"S\",\"D\",\"A\",\"E\",\"G\",\"O\"],[\"X\",\"U\",\"N\",\"F\",\"L\",\"K\",\"H\",\"D\"],[\"P\",\"M\",\"H\",\"G\",\"U\",\"N\",\"L\",\"S\"],[\"Q\",\"H\",\"O\",\"V\",\"B\",\"O\",\"Q\",\"R\"],[\"O\",\"P\",\"O\",\"X\",\"O\",\"R\",\"X\",\"R\"],[\"L\",\"L\",\"L\",\"O\",\"P\",\"J\",\"Y\",\"M\"],[\"M\",\"R\",\"K\",\"I\",\"C\",\"N\",\"D\",\"U\"]]}}}','2026-01-29 22:20:07'),(140,41,'3b52d007-d8bc-46d9-80da-63eb8969a137',7,'WORD_CLEAR','{\"request\":{\"roomId\":\"3b52d007-d8bc-46d9-80da-63eb8969a137\",\"playerId\":\"2\",\"word\":\"box\",\"wordLevel\":\"P1\"},\"response\":{\"accepted\":true,\"scoreDelta\":16,\"combo\":6,\"message\":\"accepted\",\"boardDelta\":{\"filled\":[],\"cleared\":[],\"board\":[[\"P\",\"D\",\"K\",\"K\",\"C\",\"B\",\"F\",\"K\"],[\"P\",\"E\",\"S\",\"B\",\"R\",\"P\",\"R\",\"E\"],[\"H\",\"E\",\"A\",\"D\",\"K\",\"T\",\"I\",\"C\"],[\"U\",\"H\",\"E\",\"A\",\"K\",\"J\",\"W\",\"T\"],[\"U\",\"W\",\"K\",\"J\",\"O\",\"F\",\"Z\",\"C\"],[\"J\",\"C\",\"A\",\"C\",\"Y\",\"M\",\"P\",\"W\"],[\"T\",\"T\",\"G\",\"R\",\"L\",\"M\",\"E\",\"B\"],[\"O\",\"O\",\"I\",\"H\",\"S\",\"X\",\"K\",\"H\"]]}}}','2026-01-29 22:20:09'),(141,42,'03058ae3-298c-41dd-a23a-8bec2e46b22e',1,'MATCH_START','{\"roomId\":\"03058ae3-298c-41dd-a23a-8bec2e46b22e\",\"mode\":\"SOLO\",\"status\":\"RUNNING\",\"maxPlayers\":1,\"players\":[\"2\"],\"scores\":{\"2\":0}}','2026-01-29 22:21:14'),(142,42,'03058ae3-298c-41dd-a23a-8bec2e46b22e',2,'WORD_CLEAR','{\"request\":{\"roomId\":\"03058ae3-298c-41dd-a23a-8bec2e46b22e\",\"playerId\":\"2\",\"word\":\"cup\",\"wordLevel\":\"P1\"},\"response\":{\"accepted\":true,\"scoreDelta\":8,\"combo\":1,\"message\":\"accepted\",\"boardDelta\":{\"filled\":[{\"x\":4,\"y\":0,\"value\":\"J\"},{\"x\":5,\"y\":1,\"value\":\"Z\"},{\"x\":5,\"y\":0,\"value\":\"K\"}],\"cleared\":[{\"x\":4,\"y\":3,\"value\":null},{\"x\":5,\"y\":3,\"value\":null},{\"x\":5,\"y\":2,\"value\":null}],\"board\":[[\"Y\",\"B\",\"U\",\"W\",\"J\",\"K\",\"E\",\"D\"],[\"I\",\"F\",\"N\",\"C\",\"U\",\"Z\",\"Y\",\"S\"],[\"C\",\"K\",\"M\",\"M\",\"O\",\"Y\",\"E\",\"U\"],[\"M\",\"N\",\"G\",\"E\",\"L\",\"J\",\"F\",\"E\"],[\"N\",\"L\",\"U\",\"L\",\"T\",\"X\",\"N\",\"R\"],[\"W\",\"N\",\"N\",\"Q\",\"L\",\"I\",\"T\",\"Y\"],[\"V\",\"X\",\"K\",\"F\",\"R\",\"W\",\"E\",\"T\"],[\"W\",\"I\",\"X\",\"U\",\"M\",\"R\",\"B\",\"J\"]]}}}','2026-01-29 22:21:18'),(143,42,'03058ae3-298c-41dd-a23a-8bec2e46b22e',3,'WORD_CLEAR','{\"request\":{\"roomId\":\"03058ae3-298c-41dd-a23a-8bec2e46b22e\",\"playerId\":\"2\",\"word\":\"leg\",\"wordLevel\":\"P1\"},\"response\":{\"accepted\":true,\"scoreDelta\":10,\"combo\":2,\"message\":\"accepted\",\"boardDelta\":{\"filled\":[{\"x\":2,\"y\":0,\"value\":\"T\"},{\"x\":3,\"y\":0,\"value\":\"Y\"},{\"x\":4,\"y\":0,\"value\":\"U\"}],\"cleared\":[{\"x\":4,\"y\":3,\"value\":null},{\"x\":3,\"y\":3,\"value\":null},{\"x\":2,\"y\":3,\"value\":null}],\"board\":[[\"Y\",\"B\",\"T\",\"Y\",\"U\",\"K\",\"E\",\"D\"],[\"I\",\"F\",\"U\",\"W\",\"J\",\"Z\",\"Y\",\"S\"],[\"C\",\"K\",\"N\",\"C\",\"U\",\"Y\",\"E\",\"U\"],[\"M\",\"N\",\"M\",\"M\",\"O\",\"J\",\"F\",\"E\"],[\"N\",\"L\",\"U\",\"L\",\"T\",\"X\",\"N\",\"R\"],[\"W\",\"N\",\"N\",\"Q\",\"L\",\"I\",\"T\",\"Y\"],[\"V\",\"X\",\"K\",\"F\",\"R\",\"W\",\"E\",\"T\"],[\"W\",\"I\",\"X\",\"U\",\"M\",\"R\",\"B\",\"J\"]]}}}','2026-01-29 22:21:31'),(144,42,'03058ae3-298c-41dd-a23a-8bec2e46b22e',4,'WORD_CLEAR','{\"request\":{\"roomId\":\"03058ae3-298c-41dd-a23a-8bec2e46b22e\",\"playerId\":\"2\",\"word\":\"eye\",\"wordLevel\":\"P1\"},\"response\":{\"accepted\":true,\"scoreDelta\":12,\"combo\":3,\"message\":\"accepted\",\"boardDelta\":{\"filled\":[],\"cleared\":[],\"board\":[[\"K\",\"U\",\"G\",\"G\",\"I\",\"A\",\"B\",\"D\"],[\"P\",\"W\",\"O\",\"J\",\"J\",\"C\",\"Q\",\"B\"],[\"P\",\"Z\",\"R\",\"Y\",\"A\",\"E\",\"O\",\"X\"],[\"U\",\"C\",\"B\",\"I\",\"S\",\"I\",\"R\",\"A\"],[\"C\",\"K\",\"K\",\"T\",\"M\",\"D\",\"G\",\"P\"],[\"V\",\"I\",\"Q\",\"A\",\"E\",\"I\",\"G\",\"E\"],[\"U\",\"D\",\"B\",\"K\",\"Z\",\"T\",\"G\",\"P\"],[\"J\",\"E\",\"B\",\"O\",\"T\",\"U\",\"R\",\"G\"]]}}}','2026-01-29 22:21:33'),(145,42,'03058ae3-298c-41dd-a23a-8bec2e46b22e',5,'WORD_CLEAR','{\"request\":{\"roomId\":\"03058ae3-298c-41dd-a23a-8bec2e46b22e\",\"playerId\":\"2\",\"word\":\"cup\",\"wordLevel\":\"P1\"},\"response\":{\"accepted\":true,\"scoreDelta\":14,\"combo\":4,\"message\":\"accepted\",\"boardDelta\":{\"filled\":[{\"x\":0,\"y\":1,\"value\":\"X\"},{\"x\":0,\"y\":0,\"value\":\"S\"},{\"x\":1,\"y\":0,\"value\":\"G\"}],\"cleared\":[{\"x\":1,\"y\":3,\"value\":null},{\"x\":0,\"y\":3,\"value\":null},{\"x\":0,\"y\":2,\"value\":null}],\"board\":[[\"S\",\"G\",\"G\",\"G\",\"I\",\"A\",\"B\",\"D\"],[\"X\",\"U\",\"O\",\"J\",\"J\",\"C\",\"Q\",\"B\"],[\"K\",\"W\",\"R\",\"Y\",\"A\",\"E\",\"O\",\"X\"],[\"P\",\"Z\",\"B\",\"I\",\"S\",\"I\",\"R\",\"A\"],[\"C\",\"K\",\"K\",\"T\",\"M\",\"D\",\"G\",\"P\"],[\"V\",\"I\",\"Q\",\"A\",\"E\",\"I\",\"G\",\"E\"],[\"U\",\"D\",\"B\",\"K\",\"Z\",\"T\",\"G\",\"P\"],[\"J\",\"E\",\"B\",\"O\",\"T\",\"U\",\"R\",\"G\"]]}}}','2026-01-29 22:21:56'),(146,42,'03058ae3-298c-41dd-a23a-8bec2e46b22e',6,'WORD_CLEAR','{\"request\":{\"roomId\":\"03058ae3-298c-41dd-a23a-8bec2e46b22e\",\"playerId\":\"2\",\"word\":\"egg\",\"wordLevel\":\"P1\"},\"response\":{\"accepted\":true,\"scoreDelta\":16,\"combo\":5,\"message\":\"accepted\",\"boardDelta\":{\"filled\":[{\"x\":6,\"y\":1,\"value\":\"Z\"},{\"x\":6,\"y\":0,\"value\":\"N\"},{\"x\":7,\"y\":0,\"value\":\"K\"}],\"cleared\":[{\"x\":7,\"y\":5,\"value\":null},{\"x\":6,\"y\":5,\"value\":null},{\"x\":6,\"y\":6,\"value\":null}],\"board\":[[\"S\",\"G\",\"G\",\"G\",\"I\",\"A\",\"N\",\"K\"],[\"X\",\"U\",\"O\",\"J\",\"J\",\"C\",\"Z\",\"D\"],[\"K\",\"W\",\"R\",\"Y\",\"A\",\"E\",\"B\",\"B\"],[\"P\",\"Z\",\"B\",\"I\",\"S\",\"I\",\"Q\",\"X\"],[\"C\",\"K\",\"K\",\"T\",\"M\",\"D\",\"O\",\"A\"],[\"V\",\"I\",\"Q\",\"A\",\"E\",\"I\",\"R\",\"P\"],[\"U\",\"D\",\"B\",\"K\",\"Z\",\"T\",\"G\",\"P\"],[\"J\",\"E\",\"B\",\"O\",\"T\",\"U\",\"R\",\"G\"]]}}}','2026-01-29 22:21:58'),(147,42,'03058ae3-298c-41dd-a23a-8bec2e46b22e',7,'WORD_CLEAR','{\"request\":{\"roomId\":\"03058ae3-298c-41dd-a23a-8bec2e46b22e\",\"playerId\":\"2\",\"word\":\"meat\",\"wordLevel\":\"P1\"},\"response\":{\"accepted\":true,\"scoreDelta\":18,\"combo\":6,\"message\":\"accepted\",\"boardDelta\":{\"filled\":[],\"cleared\":[],\"board\":[[\"M\",\"L\",\"R\",\"Y\",\"M\",\"K\",\"K\",\"P\"],[\"K\",\"T\",\"W\",\"G\",\"E\",\"E\",\"P\",\"E\"],[\"Z\",\"T\",\"A\",\"K\",\"T\",\"Q\",\"R\",\"A\"],[\"V\",\"X\",\"E\",\"N\",\"J\",\"K\",\"D\",\"I\"],[\"F\",\"D\",\"M\",\"A\",\"R\",\"M\",\"E\",\"J\"],[\"F\",\"K\",\"C\",\"D\",\"P\",\"K\",\"M\",\"H\"],[\"P\",\"F\",\"U\",\"D\",\"E\",\"J\",\"A\",\"B\"],[\"F\",\"T\",\"K\",\"E\",\"Y\",\"G\",\"G\",\"E\"]]}}}','2026-01-29 22:22:30'),(148,42,'03058ae3-298c-41dd-a23a-8bec2e46b22e',8,'WORD_CLEAR','{\"request\":{\"roomId\":\"03058ae3-298c-41dd-a23a-8bec2e46b22e\",\"playerId\":\"2\",\"word\":\"pear\",\"wordLevel\":\"P1\"},\"response\":{\"accepted\":true,\"scoreDelta\":18,\"combo\":7,\"message\":\"accepted\",\"boardDelta\":{\"filled\":[{\"x\":6,\"y\":0,\"value\":\"D\"},{\"x\":7,\"y\":2,\"value\":\"V\"},{\"x\":7,\"y\":1,\"value\":\"T\"},{\"x\":7,\"y\":0,\"value\":\"Q\"}],\"cleared\":[{\"x\":7,\"y\":0,\"value\":null},{\"x\":7,\"y\":1,\"value\":null},{\"x\":7,\"y\":2,\"value\":null},{\"x\":6,\"y\":2,\"value\":null}],\"board\":[[\"M\",\"L\",\"R\",\"Y\",\"M\",\"K\",\"D\",\"Q\"],[\"K\",\"T\",\"W\",\"G\",\"E\",\"E\",\"K\",\"T\"],[\"Z\",\"T\",\"A\",\"K\",\"T\",\"Q\",\"P\",\"V\"],[\"V\",\"X\",\"E\",\"N\",\"J\",\"K\",\"D\",\"I\"],[\"F\",\"D\",\"M\",\"A\",\"R\",\"M\",\"E\",\"J\"],[\"F\",\"K\",\"C\",\"D\",\"P\",\"K\",\"M\",\"H\"],[\"P\",\"F\",\"U\",\"D\",\"E\",\"J\",\"A\",\"B\"],[\"F\",\"T\",\"K\",\"E\",\"Y\",\"G\",\"G\",\"E\"]]}}}','2026-01-29 22:22:40'),(149,43,'70359f15-22ca-4dda-a354-f9fbc177953b',1,'MATCH_START','{\"roomId\":\"70359f15-22ca-4dda-a354-f9fbc177953b\",\"mode\":\"SOLO\",\"status\":\"RUNNING\",\"maxPlayers\":1,\"players\":[\"2\"],\"scores\":{\"2\":0}}','2026-01-29 22:25:28'),(150,43,'70359f15-22ca-4dda-a354-f9fbc177953b',2,'WORD_CLEAR','{\"request\":{\"roomId\":\"70359f15-22ca-4dda-a354-f9fbc177953b\",\"playerId\":\"2\",\"word\":\"box\",\"wordLevel\":\"P1\"},\"response\":{\"accepted\":true,\"scoreDelta\":8,\"combo\":1,\"message\":\"accepted\",\"boardDelta\":{\"filled\":[{\"x\":4,\"y\":0,\"value\":\"Z\"},{\"x\":5,\"y\":0,\"value\":\"A\"},{\"x\":6,\"y\":0,\"value\":\"Z\"}],\"cleared\":[{\"x\":6,\"y\":0,\"value\":null},{\"x\":5,\"y\":0,\"value\":null},{\"x\":4,\"y\":0,\"value\":null}],\"board\":[[\"T\",\"A\",\"V\",\"S\",\"Z\",\"A\",\"Z\",\"G\"],[\"B\",\"O\",\"U\",\"A\",\"P\",\"Q\",\"E\",\"G\"],[\"X\",\"C\",\"T\",\"H\",\"Z\",\"B\",\"O\",\"V\"],[\"R\",\"X\",\"O\",\"R\",\"E\",\"K\",\"R\",\"R\"],[\"U\",\"Q\",\"D\",\"Q\",\"D\",\"R\",\"T\",\"C\"],[\"H\",\"Q\",\"M\",\"P\",\"A\",\"Q\",\"D\",\"V\"],[\"A\",\"P\",\"E\",\"E\",\"R\",\"M\",\"X\",\"D\"],[\"R\",\"G\",\"F\",\"I\",\"N\",\"S\",\"N\",\"Y\"]]}}}','2026-01-29 22:25:32'),(151,43,'70359f15-22ca-4dda-a354-f9fbc177953b',3,'WORD_CLEAR','{\"request\":{\"roomId\":\"70359f15-22ca-4dda-a354-f9fbc177953b\",\"playerId\":\"2\",\"word\":\"grape\",\"wordLevel\":\"P1\"},\"response\":{\"accepted\":true,\"scoreDelta\":14,\"combo\":2,\"message\":\"accepted\",\"boardDelta\":{\"filled\":[{\"x\":0,\"y\":1,\"value\":\"T\"},{\"x\":0,\"y\":0,\"value\":\"P\"},{\"x\":1,\"y\":1,\"value\":\"M\"},{\"x\":1,\"y\":0,\"value\":\"D\"},{\"x\":2,\"y\":0,\"value\":\"B\"}],\"cleared\":[{\"x\":1,\"y\":7,\"value\":null},{\"x\":0,\"y\":7,\"value\":null},{\"x\":0,\"y\":6,\"value\":null},{\"x\":1,\"y\":6,\"value\":null},{\"x\":2,\"y\":6,\"value\":null}],\"board\":[[\"P\",\"D\",\"B\",\"S\",\"Z\",\"A\",\"Z\",\"G\"],[\"T\",\"M\",\"V\",\"A\",\"P\",\"Q\",\"E\",\"G\"],[\"T\",\"A\",\"U\",\"H\",\"Z\",\"B\",\"O\",\"V\"],[\"B\",\"O\",\"T\",\"R\",\"E\",\"K\",\"R\",\"R\"],[\"X\",\"C\",\"O\",\"Q\",\"D\",\"R\",\"T\",\"C\"],[\"R\",\"X\",\"D\",\"P\",\"A\",\"Q\",\"D\",\"V\"],[\"U\",\"Q\",\"M\",\"E\",\"R\",\"M\",\"X\",\"D\"],[\"H\",\"Q\",\"F\",\"I\",\"N\",\"S\",\"N\",\"Y\"]]}}}','2026-01-29 22:26:19'),(152,43,'70359f15-22ca-4dda-a354-f9fbc177953b',4,'WORD_CLEAR','{\"request\":{\"roomId\":\"70359f15-22ca-4dda-a354-f9fbc177953b\",\"playerId\":\"2\",\"word\":\"coat\",\"wordLevel\":\"P1\"},\"response\":{\"accepted\":true,\"scoreDelta\":14,\"combo\":3,\"message\":\"accepted\",\"boardDelta\":{\"filled\":[{\"x\":0,\"y\":0,\"value\":\"Z\"},{\"x\":1,\"y\":2,\"value\":\"Y\"},{\"x\":1,\"y\":1,\"value\":\"W\"},{\"x\":1,\"y\":0,\"value\":\"S\"}],\"cleared\":[{\"x\":1,\"y\":4,\"value\":null},{\"x\":1,\"y\":3,\"value\":null},{\"x\":1,\"y\":2,\"value\":null},{\"x\":0,\"y\":2,\"value\":null}],\"board\":[[\"Z\",\"S\",\"B\",\"S\",\"Z\",\"A\",\"Z\",\"G\"],[\"P\",\"W\",\"V\",\"A\",\"P\",\"Q\",\"E\",\"G\"],[\"T\",\"Y\",\"U\",\"H\",\"Z\",\"B\",\"O\",\"V\"],[\"B\",\"D\",\"T\",\"R\",\"E\",\"K\",\"R\",\"R\"],[\"X\",\"M\",\"O\",\"Q\",\"D\",\"R\",\"T\",\"C\"],[\"R\",\"X\",\"D\",\"P\",\"A\",\"Q\",\"D\",\"V\"],[\"U\",\"Q\",\"M\",\"E\",\"R\",\"M\",\"X\",\"D\"],[\"H\",\"Q\",\"F\",\"I\",\"N\",\"S\",\"N\",\"Y\"]]}}}','2026-01-29 22:26:20'),(153,43,'70359f15-22ca-4dda-a354-f9fbc177953b',5,'WORD_CLEAR','{\"request\":{\"roomId\":\"70359f15-22ca-4dda-a354-f9fbc177953b\",\"playerId\":\"2\",\"word\":\"egg\",\"wordLevel\":\"P1\"},\"response\":{\"accepted\":true,\"scoreDelta\":14,\"combo\":4,\"message\":\"accepted\",\"boardDelta\":{\"filled\":[{\"x\":6,\"y\":0,\"value\":\"W\"},{\"x\":7,\"y\":1,\"value\":\"C\"},{\"x\":7,\"y\":0,\"value\":\"U\"}],\"cleared\":[{\"x\":6,\"y\":1,\"value\":null},{\"x\":7,\"y\":1,\"value\":null},{\"x\":7,\"y\":0,\"value\":null}],\"board\":[[\"Z\",\"S\",\"B\",\"S\",\"Z\",\"A\",\"W\",\"U\"],[\"P\",\"W\",\"V\",\"A\",\"P\",\"Q\",\"Z\",\"C\"],[\"T\",\"Y\",\"U\",\"H\",\"Z\",\"B\",\"O\",\"V\"],[\"B\",\"D\",\"T\",\"R\",\"E\",\"K\",\"R\",\"R\"],[\"X\",\"M\",\"O\",\"Q\",\"D\",\"R\",\"T\",\"C\"],[\"R\",\"X\",\"D\",\"P\",\"A\",\"Q\",\"D\",\"V\"],[\"U\",\"Q\",\"M\",\"E\",\"R\",\"M\",\"X\",\"D\"],[\"H\",\"Q\",\"F\",\"I\",\"N\",\"S\",\"N\",\"Y\"]]}}}','2026-01-29 22:26:22'),(154,43,'70359f15-22ca-4dda-a354-f9fbc177953b',6,'WORD_CLEAR','{\"request\":{\"roomId\":\"70359f15-22ca-4dda-a354-f9fbc177953b\",\"playerId\":\"2\",\"word\":\"arm\",\"wordLevel\":\"P1\"},\"response\":{\"accepted\":true,\"scoreDelta\":16,\"combo\":5,\"message\":\"accepted\",\"boardDelta\":{\"filled\":[],\"cleared\":[],\"board\":[[\"N\",\"Y\",\"X\",\"B\",\"H\",\"J\",\"V\",\"K\"],[\"C\",\"U\",\"N\",\"O\",\"E\",\"M\",\"E\",\"P\"],[\"J\",\"A\",\"P\",\"O\",\"Q\",\"G\",\"G\",\"B\"],[\"B\",\"M\",\"Y\",\"Q\",\"E\",\"Z\",\"F\",\"N\"],[\"R\",\"B\",\"A\",\"J\",\"O\",\"B\",\"F\",\"O\"],[\"D\",\"D\",\"N\",\"A\",\"N\",\"R\",\"I\",\"X\"],[\"E\",\"S\",\"V\",\"O\",\"A\",\"F\",\"V\",\"P\"],[\"X\",\"K\",\"E\",\"R\",\"Z\",\"Z\",\"F\",\"T\"]]}}}','2026-01-29 22:26:23'),(155,43,'70359f15-22ca-4dda-a354-f9fbc177953b',7,'WORD_CLEAR','{\"request\":{\"roomId\":\"70359f15-22ca-4dda-a354-f9fbc177953b\",\"playerId\":\"2\",\"word\":\"egg\",\"wordLevel\":\"P1\"},\"response\":{\"accepted\":true,\"scoreDelta\":16,\"combo\":6,\"message\":\"accepted\",\"boardDelta\":{\"filled\":[{\"x\":5,\"y\":0,\"value\":\"O\"},{\"x\":6,\"y\":1,\"value\":\"P\"},{\"x\":6,\"y\":0,\"value\":\"D\"}],\"cleared\":[{\"x\":6,\"y\":1,\"value\":null},{\"x\":6,\"y\":2,\"value\":null},{\"x\":5,\"y\":2,\"value\":null}],\"board\":[[\"N\",\"Y\",\"X\",\"B\",\"H\",\"O\",\"D\",\"K\"],[\"C\",\"U\",\"N\",\"O\",\"E\",\"J\",\"P\",\"P\"],[\"J\",\"A\",\"P\",\"O\",\"Q\",\"M\",\"V\",\"B\"],[\"B\",\"M\",\"Y\",\"Q\",\"E\",\"Z\",\"F\",\"N\"],[\"R\",\"B\",\"A\",\"J\",\"O\",\"B\",\"F\",\"O\"],[\"D\",\"D\",\"N\",\"A\",\"N\",\"R\",\"I\",\"X\"],[\"E\",\"S\",\"V\",\"O\",\"A\",\"F\",\"V\",\"P\"],[\"X\",\"K\",\"E\",\"R\",\"Z\",\"Z\",\"F\",\"T\"]]}}}','2026-01-29 22:26:25'),(156,43,'70359f15-22ca-4dda-a354-f9fbc177953b',8,'WORD_CLEAR','{\"request\":{\"roomId\":\"70359f15-22ca-4dda-a354-f9fbc177953b\",\"playerId\":\"2\",\"word\":\"desk\",\"wordLevel\":\"P1\"},\"response\":{\"accepted\":true,\"scoreDelta\":18,\"combo\":7,\"message\":\"accepted\",\"boardDelta\":{\"filled\":[],\"cleared\":[],\"board\":[[\"C\",\"H\",\"R\",\"W\",\"E\",\"S\",\"U\",\"A\"],[\"M\",\"R\",\"I\",\"C\",\"V\",\"U\",\"F\",\"U\"],[\"O\",\"A\",\"H\",\"E\",\"M\",\"J\",\"O\",\"K\"],[\"L\",\"S\",\"L\",\"R\",\"N\",\"K\",\"H\",\"S\"],[\"W\",\"Q\",\"H\",\"S\",\"V\",\"T\",\"Z\",\"T\"],[\"M\",\"I\",\"C\",\"A\",\"U\",\"N\",\"R\",\"N\"],[\"Y\",\"I\",\"C\",\"W\",\"S\",\"F\",\"C\",\"O\"],[\"L\",\"E\",\"T\",\"H\",\"F\",\"D\",\"E\",\"S\"]]}}}','2026-01-29 22:26:26'),(157,43,'70359f15-22ca-4dda-a354-f9fbc177953b',9,'WORD_CLEAR','{\"request\":{\"roomId\":\"70359f15-22ca-4dda-a354-f9fbc177953b\",\"playerId\":\"2\",\"word\":\"arm\",\"wordLevel\":\"P1\"},\"response\":{\"accepted\":true,\"scoreDelta\":16,\"combo\":8,\"message\":\"accepted\",\"boardDelta\":{\"filled\":[{\"x\":0,\"y\":0,\"value\":\"Z\"},{\"x\":1,\"y\":1,\"value\":\"B\"},{\"x\":1,\"y\":0,\"value\":\"M\"}],\"cleared\":[{\"x\":1,\"y\":2,\"value\":null},{\"x\":1,\"y\":1,\"value\":null},{\"x\":0,\"y\":1,\"value\":null}],\"board\":[[\"Z\",\"M\",\"R\",\"W\",\"E\",\"S\",\"U\",\"A\"],[\"C\",\"B\",\"I\",\"C\",\"V\",\"U\",\"F\",\"U\"],[\"O\",\"H\",\"H\",\"E\",\"M\",\"J\",\"O\",\"K\"],[\"L\",\"S\",\"L\",\"R\",\"N\",\"K\",\"H\",\"S\"],[\"W\",\"Q\",\"H\",\"S\",\"V\",\"T\",\"Z\",\"T\"],[\"M\",\"I\",\"C\",\"A\",\"U\",\"N\",\"R\",\"N\"],[\"Y\",\"I\",\"C\",\"W\",\"S\",\"F\",\"C\",\"O\"],[\"L\",\"E\",\"T\",\"H\",\"F\",\"D\",\"E\",\"S\"]]}}}','2026-01-29 22:26:29'),(158,43,'70359f15-22ca-4dda-a354-f9fbc177953b',10,'WORD_CLEAR','{\"request\":{\"roomId\":\"70359f15-22ca-4dda-a354-f9fbc177953b\",\"playerId\":\"2\",\"word\":\"nose\",\"wordLevel\":\"P1\"},\"response\":{\"accepted\":true,\"scoreDelta\":18,\"combo\":9,\"message\":\"accepted\",\"boardDelta\":{\"filled\":[{\"x\":6,\"y\":0,\"value\":\"L\"},{\"x\":7,\"y\":2,\"value\":\"M\"},{\"x\":7,\"y\":1,\"value\":\"Z\"},{\"x\":7,\"y\":0,\"value\":\"V\"}],\"cleared\":[{\"x\":7,\"y\":5,\"value\":null},{\"x\":7,\"y\":6,\"value\":null},{\"x\":7,\"y\":7,\"value\":null},{\"x\":6,\"y\":7,\"value\":null}],\"board\":[[\"Z\",\"M\",\"R\",\"W\",\"E\",\"S\",\"L\",\"V\"],[\"C\",\"B\",\"I\",\"C\",\"V\",\"U\",\"U\",\"Z\"],[\"O\",\"H\",\"H\",\"E\",\"M\",\"J\",\"F\",\"M\"],[\"L\",\"S\",\"L\",\"R\",\"N\",\"K\",\"O\",\"A\"],[\"W\",\"Q\",\"H\",\"S\",\"V\",\"T\",\"H\",\"U\"],[\"M\",\"I\",\"C\",\"A\",\"U\",\"N\",\"Z\",\"K\"],[\"Y\",\"I\",\"C\",\"W\",\"S\",\"F\",\"R\",\"S\"],[\"L\",\"E\",\"T\",\"H\",\"F\",\"D\",\"C\",\"T\"]]}}}','2026-01-29 22:26:42'),(159,43,'70359f15-22ca-4dda-a354-f9fbc177953b',11,'WORD_CLEAR','{\"request\":{\"roomId\":\"70359f15-22ca-4dda-a354-f9fbc177953b\",\"playerId\":\"2\",\"word\":\"rice\",\"wordLevel\":\"P1\"},\"response\":{\"accepted\":true,\"scoreDelta\":18,\"combo\":10,\"message\":\"accepted\",\"boardDelta\":{\"filled\":[],\"cleared\":[],\"board\":[[\"O\",\"U\",\"Z\",\"P\",\"V\",\"M\",\"N\",\"A\"],[\"O\",\"U\",\"F\",\"D\",\"S\",\"J\",\"A\",\"N\"],[\"G\",\"Q\",\"C\",\"P\",\"O\",\"E\",\"B\",\"A\"],[\"V\",\"A\",\"H\",\"Y\",\"D\",\"L\",\"R\",\"X\"],[\"N\",\"W\",\"V\",\"G\",\"P\",\"U\",\"C\",\"C\"],[\"I\",\"R\",\"L\",\"E\",\"O\",\"N\",\"A\",\"L\"],[\"F\",\"W\",\"I\",\"R\",\"S\",\"P\",\"N\",\"L\"],[\"K\",\"J\",\"T\",\"W\",\"E\",\"Y\",\"O\",\"N\"]]}}}','2026-01-29 22:26:43'),(160,43,'70359f15-22ca-4dda-a354-f9fbc177953b',12,'WORD_CLEAR','{\"request\":{\"roomId\":\"70359f15-22ca-4dda-a354-f9fbc177953b\",\"playerId\":\"2\",\"word\":\"nose\",\"wordLevel\":\"P1\"},\"response\":{\"accepted\":true,\"scoreDelta\":18,\"combo\":11,\"message\":\"accepted\",\"boardDelta\":{\"filled\":[{\"x\":4,\"y\":2,\"value\":\"I\"},{\"x\":4,\"y\":1,\"value\":\"P\"},{\"x\":4,\"y\":0,\"value\":\"T\"},{\"x\":5,\"y\":0,\"value\":\"R\"}],\"cleared\":[{\"x\":5,\"y\":5,\"value\":null},{\"x\":4,\"y\":5,\"value\":null},{\"x\":4,\"y\":6,\"value\":null},{\"x\":4,\"y\":7,\"value\":null}],\"board\":[[\"O\",\"U\",\"Z\",\"P\",\"T\",\"R\",\"N\",\"A\"],[\"O\",\"U\",\"F\",\"D\",\"P\",\"M\",\"A\",\"N\"],[\"G\",\"Q\",\"C\",\"P\",\"I\",\"J\",\"B\",\"A\"],[\"V\",\"A\",\"H\",\"Y\",\"V\",\"E\",\"R\",\"X\"],[\"N\",\"W\",\"V\",\"G\",\"S\",\"L\",\"C\",\"C\"],[\"I\",\"R\",\"L\",\"E\",\"O\",\"U\",\"A\",\"L\"],[\"F\",\"W\",\"I\",\"R\",\"D\",\"P\",\"N\",\"L\"],[\"K\",\"J\",\"T\",\"W\",\"P\",\"Y\",\"O\",\"N\"]]}}}','2026-01-29 22:26:50'),(161,44,'47228ffc-84cf-4579-b8c9-4a0de1a68c27',1,'MATCH_START','{\"roomId\":\"47228ffc-84cf-4579-b8c9-4a0de1a68c27\",\"mode\":\"SOLO\",\"status\":\"RUNNING\",\"maxPlayers\":1,\"players\":[\"2\"],\"scores\":{\"2\":0}}','2026-01-29 22:27:43'),(162,44,'47228ffc-84cf-4579-b8c9-4a0de1a68c27',2,'WORD_CLEAR','{\"request\":{\"roomId\":\"47228ffc-84cf-4579-b8c9-4a0de1a68c27\",\"playerId\":\"2\",\"word\":\"egg\",\"wordLevel\":\"P1\"},\"response\":{\"accepted\":true,\"scoreDelta\":8,\"combo\":1,\"message\":\"accepted\",\"boardDelta\":{\"filled\":[{\"x\":3,\"y\":0,\"value\":\"Z\"},{\"x\":4,\"y\":0,\"value\":\"P\"},{\"x\":5,\"y\":0,\"value\":\"Z\"}],\"cleared\":[{\"x\":5,\"y\":3,\"value\":null},{\"x\":4,\"y\":3,\"value\":null},{\"x\":3,\"y\":3,\"value\":null}],\"board\":[[\"W\",\"N\",\"E\",\"Z\",\"P\",\"Z\",\"W\",\"Y\"],[\"A\",\"N\",\"G\",\"G\",\"E\",\"S\",\"Y\",\"F\"],[\"B\",\"A\",\"X\",\"Z\",\"P\",\"E\",\"A\",\"V\"],[\"A\",\"N\",\"M\",\"Z\",\"S\",\"E\",\"J\",\"E\"],[\"O\",\"X\",\"O\",\"G\",\"J\",\"W\",\"Z\",\"S\"],[\"G\",\"U\",\"F\",\"S\",\"G\",\"E\",\"L\",\"Y\"],[\"Z\",\"R\",\"P\",\"E\",\"A\",\"T\",\"J\",\"G\"],[\"E\",\"K\",\"L\",\"M\",\"E\",\"A\",\"W\",\"K\"]]}}}','2026-01-29 22:27:46'),(163,44,'47228ffc-84cf-4579-b8c9-4a0de1a68c27',3,'WORD_CLEAR','{\"request\":{\"roomId\":\"47228ffc-84cf-4579-b8c9-4a0de1a68c27\",\"playerId\":\"2\",\"word\":\"leg\",\"wordLevel\":\"P1\"},\"response\":{\"accepted\":true,\"scoreDelta\":10,\"combo\":2,\"message\":\"accepted\",\"boardDelta\":{\"filled\":[{\"x\":4,\"y\":0,\"value\":\"Y\"},{\"x\":5,\"y\":0,\"value\":\"L\"},{\"x\":6,\"y\":0,\"value\":\"F\"}],\"cleared\":[{\"x\":6,\"y\":5,\"value\":null},{\"x\":5,\"y\":5,\"value\":null},{\"x\":4,\"y\":5,\"value\":null}],\"board\":[[\"W\",\"N\",\"E\",\"Z\",\"Y\",\"L\",\"F\",\"Y\"],[\"A\",\"N\",\"G\",\"G\",\"P\",\"Z\",\"W\",\"F\"],[\"B\",\"A\",\"X\",\"Z\",\"E\",\"S\",\"Y\",\"V\"],[\"A\",\"N\",\"M\",\"Z\",\"P\",\"E\",\"A\",\"E\"],[\"O\",\"X\",\"O\",\"G\",\"S\",\"E\",\"J\",\"S\"],[\"G\",\"U\",\"F\",\"S\",\"J\",\"W\",\"Z\",\"Y\"],[\"Z\",\"R\",\"P\",\"E\",\"A\",\"T\",\"J\",\"G\"],[\"E\",\"K\",\"L\",\"M\",\"E\",\"A\",\"W\",\"K\"]]}}}','2026-01-29 22:27:47'),(164,44,'47228ffc-84cf-4579-b8c9-4a0de1a68c27',4,'WORD_CLEAR','{\"request\":{\"roomId\":\"47228ffc-84cf-4579-b8c9-4a0de1a68c27\",\"playerId\":\"2\",\"word\":\"meat\",\"wordLevel\":\"P1\"},\"response\":{\"accepted\":true,\"scoreDelta\":14,\"combo\":3,\"message\":\"accepted\",\"boardDelta\":{\"filled\":[{\"x\":3,\"y\":0,\"value\":\"S\"},{\"x\":4,\"y\":0,\"value\":\"Z\"},{\"x\":5,\"y\":1,\"value\":\"L\"},{\"x\":5,\"y\":0,\"value\":\"D\"}],\"cleared\":[{\"x\":3,\"y\":7,\"value\":null},{\"x\":4,\"y\":7,\"value\":null},{\"x\":5,\"y\":7,\"value\":null},{\"x\":5,\"y\":6,\"value\":null}],\"board\":[[\"W\",\"N\",\"E\",\"S\",\"Z\",\"D\",\"F\",\"Y\"],[\"A\",\"N\",\"G\",\"Z\",\"Y\",\"L\",\"W\",\"F\"],[\"B\",\"A\",\"X\",\"G\",\"P\",\"L\",\"Y\",\"V\"],[\"A\",\"N\",\"M\",\"Z\",\"E\",\"Z\",\"A\",\"E\"],[\"O\",\"X\",\"O\",\"Z\",\"P\",\"S\",\"J\",\"S\"],[\"G\",\"U\",\"F\",\"G\",\"S\",\"E\",\"Z\",\"Y\"],[\"Z\",\"R\",\"P\",\"S\",\"J\",\"E\",\"J\",\"G\"],[\"E\",\"K\",\"L\",\"E\",\"A\",\"W\",\"W\",\"K\"]]}}}','2026-01-29 22:27:49'),(165,44,'47228ffc-84cf-4579-b8c9-4a0de1a68c27',5,'WORD_CLEAR','{\"request\":{\"roomId\":\"47228ffc-84cf-4579-b8c9-4a0de1a68c27\",\"playerId\":\"2\",\"word\":\"banana\",\"wordLevel\":\"P1\"},\"response\":{\"accepted\":true,\"scoreDelta\":20,\"combo\":4,\"message\":\"accepted\",\"boardDelta\":{\"filled\":[],\"cleared\":[],\"board\":[[\"S\",\"G\",\"L\",\"U\",\"C\",\"T\",\"C\",\"E\"],[\"O\",\"H\",\"E\",\"G\",\"K\",\"B\",\"I\",\"R\"],[\"T\",\"E\",\"G\",\"N\",\"S\",\"G\",\"E\",\"M\"],[\"A\",\"I\",\"D\",\"S\",\"A\",\"T\",\"A\",\"J\"],[\"C\",\"V\",\"L\",\"C\",\"Z\",\"I\",\"L\",\"H\"],[\"W\",\"U\",\"T\",\"C\",\"C\",\"A\",\"V\",\"C\"],[\"D\",\"Y\",\"Y\",\"K\",\"O\",\"A\",\"T\",\"K\"],[\"W\",\"C\",\"X\",\"I\",\"V\",\"C\",\"G\",\"M\"]]}}}','2026-01-29 22:27:50'),(166,44,'47228ffc-84cf-4579-b8c9-4a0de1a68c27',6,'WORD_CLEAR','{\"request\":{\"roomId\":\"47228ffc-84cf-4579-b8c9-4a0de1a68c27\",\"playerId\":\"2\",\"word\":\"leg\",\"wordLevel\":\"P1\"},\"response\":{\"accepted\":true,\"scoreDelta\":16,\"combo\":5,\"message\":\"accepted\",\"boardDelta\":{\"filled\":[{\"x\":2,\"y\":1,\"value\":\"L\"},{\"x\":2,\"y\":0,\"value\":\"X\"},{\"x\":3,\"y\":0,\"value\":\"L\"}],\"cleared\":[{\"x\":2,\"y\":0,\"value\":null},{\"x\":2,\"y\":1,\"value\":null},{\"x\":3,\"y\":1,\"value\":null}],\"board\":[[\"S\",\"G\",\"X\",\"L\",\"C\",\"T\",\"C\",\"E\"],[\"O\",\"H\",\"L\",\"U\",\"K\",\"B\",\"I\",\"R\"],[\"T\",\"E\",\"G\",\"N\",\"S\",\"G\",\"E\",\"M\"],[\"A\",\"I\",\"D\",\"S\",\"A\",\"T\",\"A\",\"J\"],[\"C\",\"V\",\"L\",\"C\",\"Z\",\"I\",\"L\",\"H\"],[\"W\",\"U\",\"T\",\"C\",\"C\",\"A\",\"V\",\"C\"],[\"D\",\"Y\",\"Y\",\"K\",\"O\",\"A\",\"T\",\"K\"],[\"W\",\"C\",\"X\",\"I\",\"V\",\"C\",\"G\",\"M\"]]}}}','2026-01-29 22:27:51'),(167,44,'47228ffc-84cf-4579-b8c9-4a0de1a68c27',7,'WORD_CLEAR','{\"request\":{\"roomId\":\"47228ffc-84cf-4579-b8c9-4a0de1a68c27\",\"playerId\":\"2\",\"word\":\"coat\",\"wordLevel\":\"P1\"},\"response\":{\"accepted\":true,\"scoreDelta\":18,\"combo\":6,\"message\":\"accepted\",\"boardDelta\":{\"filled\":[{\"x\":4,\"y\":1,\"value\":\"M\"},{\"x\":4,\"y\":0,\"value\":\"V\"},{\"x\":5,\"y\":0,\"value\":\"P\"},{\"x\":6,\"y\":0,\"value\":\"G\"}],\"cleared\":[{\"x\":4,\"y\":5,\"value\":null},{\"x\":4,\"y\":6,\"value\":null},{\"x\":5,\"y\":6,\"value\":null},{\"x\":6,\"y\":6,\"value\":null}],\"board\":[[\"S\",\"G\",\"X\",\"L\",\"V\",\"P\",\"G\",\"E\"],[\"O\",\"H\",\"L\",\"U\",\"M\",\"T\",\"C\",\"R\"],[\"T\",\"E\",\"G\",\"N\",\"C\",\"B\",\"I\",\"M\"],[\"A\",\"I\",\"D\",\"S\",\"K\",\"G\",\"E\",\"J\"],[\"C\",\"V\",\"L\",\"C\",\"S\",\"T\",\"A\",\"H\"],[\"W\",\"U\",\"T\",\"C\",\"A\",\"I\",\"L\",\"C\"],[\"D\",\"Y\",\"Y\",\"K\",\"Z\",\"A\",\"V\",\"K\"],[\"W\",\"C\",\"X\",\"I\",\"V\",\"C\",\"G\",\"M\"]]}}}','2026-01-29 22:27:52'),(168,44,'47228ffc-84cf-4579-b8c9-4a0de1a68c27',8,'WORD_CLEAR','{\"request\":{\"roomId\":\"47228ffc-84cf-4579-b8c9-4a0de1a68c27\",\"playerId\":\"2\",\"word\":\"hat\",\"wordLevel\":\"P1\"},\"response\":{\"accepted\":true,\"scoreDelta\":16,\"combo\":7,\"message\":\"accepted\",\"boardDelta\":{\"filled\":[{\"x\":5,\"y\":0,\"value\":\"G\"},{\"x\":6,\"y\":0,\"value\":\"N\"},{\"x\":7,\"y\":0,\"value\":\"J\"}],\"cleared\":[{\"x\":7,\"y\":4,\"value\":null},{\"x\":6,\"y\":4,\"value\":null},{\"x\":5,\"y\":4,\"value\":null}],\"board\":[[\"S\",\"G\",\"X\",\"L\",\"V\",\"G\",\"N\",\"J\"],[\"O\",\"H\",\"L\",\"U\",\"M\",\"P\",\"G\",\"E\"],[\"T\",\"E\",\"G\",\"N\",\"C\",\"T\",\"C\",\"R\"],[\"A\",\"I\",\"D\",\"S\",\"K\",\"B\",\"I\",\"M\"],[\"C\",\"V\",\"L\",\"C\",\"S\",\"G\",\"E\",\"J\"],[\"W\",\"U\",\"T\",\"C\",\"A\",\"I\",\"L\",\"C\"],[\"D\",\"Y\",\"Y\",\"K\",\"Z\",\"A\",\"V\",\"K\"],[\"W\",\"C\",\"X\",\"I\",\"V\",\"C\",\"G\",\"M\"]]}}}','2026-01-29 22:27:53'),(169,44,'47228ffc-84cf-4579-b8c9-4a0de1a68c27',9,'WORD_CLEAR','{\"request\":{\"roomId\":\"47228ffc-84cf-4579-b8c9-4a0de1a68c27\",\"playerId\":\"2\",\"word\":\"leg\",\"wordLevel\":\"P1\"},\"response\":{\"accepted\":true,\"scoreDelta\":16,\"combo\":8,\"message\":\"accepted\",\"boardDelta\":{\"filled\":[],\"cleared\":[],\"board\":[[\"D\",\"P\",\"B\",\"V\",\"L\",\"Y\",\"S\",\"G\"],[\"K\",\"C\",\"A\",\"K\",\"C\",\"P\",\"C\",\"P\"],[\"W\",\"E\",\"P\",\"L\",\"O\",\"X\",\"Q\",\"V\"],[\"A\",\"E\",\"A\",\"M\",\"J\",\"G\",\"H\",\"J\"],[\"H\",\"M\",\"R\",\"F\",\"H\",\"Q\",\"K\",\"J\"],[\"A\",\"E\",\"G\",\"C\",\"E\",\"L\",\"O\",\"R\"],[\"T\",\"G\",\"S\",\"T\",\"O\",\"Q\",\"Y\",\"A\"],[\"L\",\"E\",\"L\",\"L\",\"W\",\"R\",\"J\",\"E\"]]}}}','2026-01-29 22:27:54'),(170,44,'47228ffc-84cf-4579-b8c9-4a0de1a68c27',10,'WORD_CLEAR','{\"request\":{\"roomId\":\"47228ffc-84cf-4579-b8c9-4a0de1a68c27\",\"playerId\":\"2\",\"word\":\"grape\",\"wordLevel\":\"P1\"},\"response\":{\"accepted\":true,\"scoreDelta\":20,\"combo\":9,\"message\":\"accepted\",\"boardDelta\":{\"filled\":[{\"x\":1,\"y\":0,\"value\":\"N\"},{\"x\":2,\"y\":3,\"value\":\"U\"},{\"x\":2,\"y\":2,\"value\":\"Q\"},{\"x\":2,\"y\":1,\"value\":\"R\"},{\"x\":2,\"y\":0,\"value\":\"G\"}],\"cleared\":[{\"x\":2,\"y\":5,\"value\":null},{\"x\":2,\"y\":4,\"value\":null},{\"x\":2,\"y\":3,\"value\":null},{\"x\":2,\"y\":2,\"value\":null},{\"x\":1,\"y\":2,\"value\":null}],\"board\":[[\"D\",\"N\",\"G\",\"V\",\"L\",\"Y\",\"S\",\"G\"],[\"K\",\"P\",\"R\",\"K\",\"C\",\"P\",\"C\",\"P\"],[\"W\",\"C\",\"Q\",\"L\",\"O\",\"X\",\"Q\",\"V\"],[\"A\",\"E\",\"U\",\"M\",\"J\",\"G\",\"H\",\"J\"],[\"H\",\"M\",\"B\",\"F\",\"H\",\"Q\",\"K\",\"J\"],[\"A\",\"E\",\"A\",\"C\",\"E\",\"L\",\"O\",\"R\"],[\"T\",\"G\",\"S\",\"T\",\"O\",\"Q\",\"Y\",\"A\"],[\"L\",\"E\",\"L\",\"L\",\"W\",\"R\",\"J\",\"E\"]]}}}','2026-01-29 22:27:55'),(171,44,'47228ffc-84cf-4579-b8c9-4a0de1a68c27',11,'WORD_CLEAR','{\"request\":{\"roomId\":\"47228ffc-84cf-4579-b8c9-4a0de1a68c27\",\"playerId\":\"2\",\"word\":\"hat\",\"wordLevel\":\"P1\"},\"response\":{\"accepted\":true,\"scoreDelta\":16,\"combo\":10,\"message\":\"accepted\",\"boardDelta\":{\"filled\":[{\"x\":0,\"y\":2,\"value\":\"R\"},{\"x\":0,\"y\":1,\"value\":\"Y\"},{\"x\":0,\"y\":0,\"value\":\"N\"}],\"cleared\":[{\"x\":0,\"y\":4,\"value\":null},{\"x\":0,\"y\":5,\"value\":null},{\"x\":0,\"y\":6,\"value\":null}],\"board\":[[\"N\",\"N\",\"G\",\"V\",\"L\",\"Y\",\"S\",\"G\"],[\"Y\",\"P\",\"R\",\"K\",\"C\",\"P\",\"C\",\"P\"],[\"R\",\"C\",\"Q\",\"L\",\"O\",\"X\",\"Q\",\"V\"],[\"D\",\"E\",\"U\",\"M\",\"J\",\"G\",\"H\",\"J\"],[\"K\",\"M\",\"B\",\"F\",\"H\",\"Q\",\"K\",\"J\"],[\"W\",\"E\",\"A\",\"C\",\"E\",\"L\",\"O\",\"R\"],[\"A\",\"G\",\"S\",\"T\",\"O\",\"Q\",\"Y\",\"A\"],[\"L\",\"E\",\"L\",\"L\",\"W\",\"R\",\"J\",\"E\"]]}}}','2026-01-29 22:27:56'),(172,44,'47228ffc-84cf-4579-b8c9-4a0de1a68c27',12,'WORD_CLEAR','{\"request\":{\"roomId\":\"47228ffc-84cf-4579-b8c9-4a0de1a68c27\",\"playerId\":\"2\",\"word\":\"leg\",\"wordLevel\":\"P1\"},\"response\":{\"accepted\":true,\"scoreDelta\":16,\"combo\":11,\"message\":\"accepted\",\"boardDelta\":{\"filled\":[{\"x\":0,\"y\":0,\"value\":\"A\"},{\"x\":1,\"y\":1,\"value\":\"U\"},{\"x\":1,\"y\":0,\"value\":\"G\"}],\"cleared\":[{\"x\":0,\"y\":7,\"value\":null},{\"x\":1,\"y\":7,\"value\":null},{\"x\":1,\"y\":6,\"value\":null}],\"board\":[[\"A\",\"G\",\"G\",\"V\",\"L\",\"Y\",\"S\",\"G\"],[\"N\",\"U\",\"R\",\"K\",\"C\",\"P\",\"C\",\"P\"],[\"Y\",\"N\",\"Q\",\"L\",\"O\",\"X\",\"Q\",\"V\"],[\"R\",\"P\",\"U\",\"M\",\"J\",\"G\",\"H\",\"J\"],[\"D\",\"C\",\"B\",\"F\",\"H\",\"Q\",\"K\",\"J\"],[\"K\",\"E\",\"A\",\"C\",\"E\",\"L\",\"O\",\"R\"],[\"W\",\"M\",\"S\",\"T\",\"O\",\"Q\",\"Y\",\"A\"],[\"A\",\"E\",\"L\",\"L\",\"W\",\"R\",\"J\",\"E\"]]}}}','2026-01-29 22:27:58'),(173,44,'47228ffc-84cf-4579-b8c9-4a0de1a68c27',13,'WORD_CLEAR','{\"request\":{\"roomId\":\"47228ffc-84cf-4579-b8c9-4a0de1a68c27\",\"playerId\":\"2\",\"word\":\"ear\",\"wordLevel\":\"P1\"},\"response\":{\"accepted\":true,\"scoreDelta\":16,\"combo\":12,\"message\":\"accepted\",\"boardDelta\":{\"filled\":[],\"cleared\":[],\"board\":[[\"Z\",\"A\",\"Z\",\"S\",\"C\",\"Q\",\"L\",\"Z\"],[\"R\",\"E\",\"F\",\"Z\",\"I\",\"P\",\"Z\",\"B\"],[\"I\",\"C\",\"B\",\"V\",\"Q\",\"Z\",\"X\",\"O\"],[\"B\",\"C\",\"P\",\"L\",\"Y\",\"D\",\"E\",\"A\"],[\"O\",\"N\",\"M\",\"J\",\"U\",\"E\",\"U\",\"S\"],[\"K\",\"E\",\"S\",\"O\",\"N\",\"R\",\"G\",\"E\"],[\"K\",\"M\",\"E\",\"C\",\"C\",\"H\",\"A\",\"P\"],[\"Y\",\"T\",\"A\",\"T\",\"F\",\"B\",\"R\",\"G\"]]}}}','2026-01-29 22:27:59'),(174,44,'47228ffc-84cf-4579-b8c9-4a0de1a68c27',14,'WORD_CLEAR','{\"request\":{\"roomId\":\"47228ffc-84cf-4579-b8c9-4a0de1a68c27\",\"playerId\":\"2\",\"word\":\"grape\",\"wordLevel\":\"P1\"},\"response\":{\"accepted\":true,\"scoreDelta\":20,\"combo\":13,\"message\":\"accepted\",\"boardDelta\":{\"filled\":[{\"x\":6,\"y\":1,\"value\":\"B\"},{\"x\":6,\"y\":0,\"value\":\"P\"},{\"x\":7,\"y\":2,\"value\":\"B\"},{\"x\":7,\"y\":1,\"value\":\"H\"},{\"x\":7,\"y\":0,\"value\":\"R\"}],\"cleared\":[{\"x\":7,\"y\":7,\"value\":null},{\"x\":6,\"y\":7,\"value\":null},{\"x\":6,\"y\":6,\"value\":null},{\"x\":7,\"y\":6,\"value\":null},{\"x\":7,\"y\":5,\"value\":null}],\"board\":[[\"Z\",\"A\",\"Z\",\"S\",\"C\",\"Q\",\"P\",\"R\"],[\"R\",\"E\",\"F\",\"Z\",\"I\",\"P\",\"B\",\"H\"],[\"I\",\"C\",\"B\",\"V\",\"Q\",\"Z\",\"L\",\"B\"],[\"B\",\"C\",\"P\",\"L\",\"Y\",\"D\",\"Z\",\"Z\"],[\"O\",\"N\",\"M\",\"J\",\"U\",\"E\",\"X\",\"B\"],[\"K\",\"E\",\"S\",\"O\",\"N\",\"R\",\"E\",\"O\"],[\"K\",\"M\",\"E\",\"C\",\"C\",\"H\",\"U\",\"A\"],[\"Y\",\"T\",\"A\",\"T\",\"F\",\"B\",\"G\",\"S\"]]}}}','2026-01-29 22:28:00'),(175,44,'47228ffc-84cf-4579-b8c9-4a0de1a68c27',15,'WORD_CLEAR','{\"request\":{\"roomId\":\"47228ffc-84cf-4579-b8c9-4a0de1a68c27\",\"playerId\":\"2\",\"word\":\"nose\",\"wordLevel\":\"P1\"},\"response\":{\"accepted\":true,\"scoreDelta\":18,\"combo\":14,\"message\":\"accepted\",\"boardDelta\":{\"filled\":[{\"x\":1,\"y\":0,\"value\":\"K\"},{\"x\":2,\"y\":0,\"value\":\"I\"},{\"x\":3,\"y\":0,\"value\":\"N\"},{\"x\":4,\"y\":0,\"value\":\"Y\"}],\"cleared\":[{\"x\":4,\"y\":5,\"value\":null},{\"x\":3,\"y\":5,\"value\":null},{\"x\":2,\"y\":5,\"value\":null},{\"x\":1,\"y\":5,\"value\":null}],\"board\":[[\"Z\",\"K\",\"I\",\"N\",\"Y\",\"Q\",\"P\",\"R\"],[\"R\",\"A\",\"Z\",\"S\",\"C\",\"P\",\"B\",\"H\"],[\"I\",\"E\",\"F\",\"Z\",\"I\",\"Z\",\"L\",\"B\"],[\"B\",\"C\",\"B\",\"V\",\"Q\",\"D\",\"Z\",\"Z\"],[\"O\",\"C\",\"P\",\"L\",\"Y\",\"E\",\"X\",\"B\"],[\"K\",\"N\",\"M\",\"J\",\"U\",\"R\",\"E\",\"O\"],[\"K\",\"M\",\"E\",\"C\",\"C\",\"H\",\"U\",\"A\"],[\"Y\",\"T\",\"A\",\"T\",\"F\",\"B\",\"G\",\"S\"]]}}}','2026-01-29 22:28:01'),(176,44,'47228ffc-84cf-4579-b8c9-4a0de1a68c27',16,'WORD_CLEAR','{\"request\":{\"roomId\":\"47228ffc-84cf-4579-b8c9-4a0de1a68c27\",\"playerId\":\"2\",\"word\":\"meat\",\"wordLevel\":\"P1\"},\"response\":{\"accepted\":true,\"scoreDelta\":18,\"combo\":15,\"message\":\"accepted\",\"boardDelta\":{\"filled\":[{\"x\":2,\"y\":2,\"value\":\"R\"},{\"x\":2,\"y\":1,\"value\":\"R\"},{\"x\":2,\"y\":0,\"value\":\"Y\"},{\"x\":3,\"y\":0,\"value\":\"O\"}],\"cleared\":[{\"x\":2,\"y\":5,\"value\":null},{\"x\":2,\"y\":6,\"value\":null},{\"x\":2,\"y\":7,\"value\":null},{\"x\":3,\"y\":7,\"value\":null}],\"board\":[[\"Z\",\"K\",\"Y\",\"O\",\"Y\",\"Q\",\"P\",\"R\"],[\"R\",\"A\",\"R\",\"N\",\"C\",\"P\",\"B\",\"H\"],[\"I\",\"E\",\"R\",\"S\",\"I\",\"Z\",\"L\",\"B\"],[\"B\",\"C\",\"I\",\"Z\",\"Q\",\"D\",\"Z\",\"Z\"],[\"O\",\"C\",\"Z\",\"V\",\"Y\",\"E\",\"X\",\"B\"],[\"K\",\"N\",\"F\",\"L\",\"U\",\"R\",\"E\",\"O\"],[\"K\",\"M\",\"B\",\"J\",\"C\",\"H\",\"U\",\"A\"],[\"Y\",\"T\",\"P\",\"C\",\"F\",\"B\",\"G\",\"S\"]]}}}','2026-01-29 22:28:03'),(177,44,'47228ffc-84cf-4579-b8c9-4a0de1a68c27',17,'WORD_CLEAR','{\"request\":{\"roomId\":\"47228ffc-84cf-4579-b8c9-4a0de1a68c27\",\"playerId\":\"2\",\"word\":\"ear\",\"wordLevel\":\"P1\"},\"response\":{\"accepted\":true,\"scoreDelta\":16,\"combo\":16,\"message\":\"accepted\",\"boardDelta\":{\"filled\":[],\"cleared\":[],\"board\":[[\"H\",\"G\",\"L\",\"D\",\"X\",\"G\",\"O\",\"X\"],[\"R\",\"R\",\"B\",\"L\",\"O\",\"W\",\"B\",\"G\"],[\"Q\",\"I\",\"M\",\"N\",\"D\",\"M\",\"Y\",\"V\"],[\"D\",\"C\",\"C\",\"N\",\"O\",\"V\",\"B\",\"F\"],[\"R\",\"E\",\"G\",\"T\",\"R\",\"B\",\"C\",\"Y\"],[\"T\",\"A\",\"C\",\"K\",\"K\",\"A\",\"U\",\"M\"],[\"V\",\"G\",\"M\",\"Q\",\"E\",\"G\",\"I\",\"G\"],[\"O\",\"A\",\"R\",\"Y\",\"V\",\"R\",\"O\",\"A\"]]}}}','2026-01-29 22:28:04'),(178,44,'47228ffc-84cf-4579-b8c9-4a0de1a68c27',18,'WORD_CLEAR','{\"request\":{\"roomId\":\"47228ffc-84cf-4579-b8c9-4a0de1a68c27\",\"playerId\":\"2\",\"word\":\"box\",\"wordLevel\":\"P1\"},\"response\":{\"accepted\":true,\"scoreDelta\":16,\"combo\":17,\"message\":\"accepted\",\"boardDelta\":{\"filled\":[{\"x\":6,\"y\":1,\"value\":\"E\"},{\"x\":6,\"y\":0,\"value\":\"F\"},{\"x\":7,\"y\":0,\"value\":\"J\"}],\"cleared\":[{\"x\":6,\"y\":1,\"value\":null},{\"x\":6,\"y\":0,\"value\":null},{\"x\":7,\"y\":0,\"value\":null}],\"board\":[[\"H\",\"G\",\"L\",\"D\",\"X\",\"G\",\"F\",\"J\"],[\"R\",\"R\",\"B\",\"L\",\"O\",\"W\",\"E\",\"G\"],[\"Q\",\"I\",\"M\",\"N\",\"D\",\"M\",\"Y\",\"V\"],[\"D\",\"C\",\"C\",\"N\",\"O\",\"V\",\"B\",\"F\"],[\"R\",\"E\",\"G\",\"T\",\"R\",\"B\",\"C\",\"Y\"],[\"T\",\"A\",\"C\",\"K\",\"K\",\"A\",\"U\",\"M\"],[\"V\",\"G\",\"M\",\"Q\",\"E\",\"G\",\"I\",\"G\"],[\"O\",\"A\",\"R\",\"Y\",\"V\",\"R\",\"O\",\"A\"]]}}}','2026-01-29 22:28:05'),(179,44,'47228ffc-84cf-4579-b8c9-4a0de1a68c27',19,'WORD_CLEAR','{\"request\":{\"roomId\":\"47228ffc-84cf-4579-b8c9-4a0de1a68c27\",\"playerId\":\"2\",\"word\":\"bag\",\"wordLevel\":\"P1\"},\"response\":{\"accepted\":true,\"scoreDelta\":16,\"combo\":18,\"message\":\"accepted\",\"boardDelta\":{\"filled\":[{\"x\":5,\"y\":2,\"value\":\"S\"},{\"x\":5,\"y\":1,\"value\":\"T\"},{\"x\":5,\"y\":0,\"value\":\"B\"}],\"cleared\":[{\"x\":5,\"y\":4,\"value\":null},{\"x\":5,\"y\":5,\"value\":null},{\"x\":5,\"y\":6,\"value\":null}],\"board\":[[\"H\",\"G\",\"L\",\"D\",\"X\",\"B\",\"F\",\"J\"],[\"R\",\"R\",\"B\",\"L\",\"O\",\"T\",\"E\",\"G\"],[\"Q\",\"I\",\"M\",\"N\",\"D\",\"S\",\"Y\",\"V\"],[\"D\",\"C\",\"C\",\"N\",\"O\",\"G\",\"B\",\"F\"],[\"R\",\"E\",\"G\",\"T\",\"R\",\"W\",\"C\",\"Y\"],[\"T\",\"A\",\"C\",\"K\",\"K\",\"M\",\"U\",\"M\"],[\"V\",\"G\",\"M\",\"Q\",\"E\",\"V\",\"I\",\"G\"],[\"O\",\"A\",\"R\",\"Y\",\"V\",\"R\",\"O\",\"A\"]]}}}','2026-01-29 22:28:05'),(180,44,'47228ffc-84cf-4579-b8c9-4a0de1a68c27',20,'WORD_CLEAR','{\"request\":{\"roomId\":\"47228ffc-84cf-4579-b8c9-4a0de1a68c27\",\"playerId\":\"2\",\"word\":\"rice\",\"wordLevel\":\"P1\"},\"response\":{\"accepted\":true,\"scoreDelta\":18,\"combo\":19,\"message\":\"accepted\",\"boardDelta\":{\"filled\":[{\"x\":1,\"y\":3,\"value\":\"E\"},{\"x\":1,\"y\":2,\"value\":\"W\"},{\"x\":1,\"y\":1,\"value\":\"U\"},{\"x\":1,\"y\":0,\"value\":\"F\"}],\"cleared\":[{\"x\":1,\"y\":1,\"value\":null},{\"x\":1,\"y\":2,\"value\":null},{\"x\":1,\"y\":3,\"value\":null},{\"x\":1,\"y\":4,\"value\":null}],\"board\":[[\"H\",\"F\",\"L\",\"D\",\"X\",\"B\",\"F\",\"J\"],[\"R\",\"U\",\"B\",\"L\",\"O\",\"T\",\"E\",\"G\"],[\"Q\",\"W\",\"M\",\"N\",\"D\",\"S\",\"Y\",\"V\"],[\"D\",\"E\",\"C\",\"N\",\"O\",\"G\",\"B\",\"F\"],[\"R\",\"G\",\"G\",\"T\",\"R\",\"W\",\"C\",\"Y\"],[\"T\",\"A\",\"C\",\"K\",\"K\",\"M\",\"U\",\"M\"],[\"V\",\"G\",\"M\",\"Q\",\"E\",\"V\",\"I\",\"G\"],[\"O\",\"A\",\"R\",\"Y\",\"V\",\"R\",\"O\",\"A\"]]}}}','2026-01-29 22:28:06'),(181,44,'47228ffc-84cf-4579-b8c9-4a0de1a68c27',21,'WORD_CLEAR','{\"request\":{\"roomId\":\"47228ffc-84cf-4579-b8c9-4a0de1a68c27\",\"playerId\":\"2\",\"word\":\"egg\",\"wordLevel\":\"P1\"},\"response\":{\"accepted\":true,\"scoreDelta\":16,\"combo\":20,\"message\":\"accepted\",\"boardDelta\":{\"filled\":[{\"x\":1,\"y\":1,\"value\":\"S\"},{\"x\":1,\"y\":0,\"value\":\"X\"},{\"x\":2,\"y\":0,\"value\":\"T\"}],\"cleared\":[{\"x\":1,\"y\":3,\"value\":null},{\"x\":1,\"y\":4,\"value\":null},{\"x\":2,\"y\":4,\"value\":null}],\"board\":[[\"H\",\"X\",\"T\",\"D\",\"X\",\"B\",\"F\",\"J\"],[\"R\",\"S\",\"L\",\"L\",\"O\",\"T\",\"E\",\"G\"],[\"Q\",\"F\",\"B\",\"N\",\"D\",\"S\",\"Y\",\"V\"],[\"D\",\"U\",\"M\",\"N\",\"O\",\"G\",\"B\",\"F\"],[\"R\",\"W\",\"C\",\"T\",\"R\",\"W\",\"C\",\"Y\"],[\"T\",\"A\",\"C\",\"K\",\"K\",\"M\",\"U\",\"M\"],[\"V\",\"G\",\"M\",\"Q\",\"E\",\"V\",\"I\",\"G\"],[\"O\",\"A\",\"R\",\"Y\",\"V\",\"R\",\"O\",\"A\"]]}}}','2026-01-29 22:28:07'),(182,44,'47228ffc-84cf-4579-b8c9-4a0de1a68c27',22,'WORD_CLEAR','{\"request\":{\"roomId\":\"47228ffc-84cf-4579-b8c9-4a0de1a68c27\",\"playerId\":\"2\",\"word\":\"arm\",\"wordLevel\":\"P1\"},\"response\":{\"accepted\":true,\"scoreDelta\":16,\"combo\":21,\"message\":\"accepted\",\"boardDelta\":{\"filled\":[],\"cleared\":[],\"board\":[[\"C\",\"F\",\"K\",\"K\",\"Q\",\"Y\",\"S\",\"I\"],[\"A\",\"O\",\"B\",\"B\",\"U\",\"A\",\"E\",\"K\"],[\"T\",\"C\",\"G\",\"A\",\"K\",\"L\",\"X\",\"A\"],[\"T\",\"D\",\"S\",\"Y\",\"Q\",\"F\",\"Q\",\"C\"],[\"P\",\"F\",\"G\",\"Q\",\"U\",\"F\",\"A\",\"T\"],[\"H\",\"Q\",\"G\",\"Y\",\"C\",\"O\",\"K\",\"U\"],[\"W\",\"Z\",\"Z\",\"K\",\"R\",\"S\",\"U\",\"D\"],[\"E\",\"V\",\"I\",\"L\",\"R\",\"F\",\"O\",\"S\"]]}}}','2026-01-29 22:28:08'),(183,44,'47228ffc-84cf-4579-b8c9-4a0de1a68c27',23,'WORD_CLEAR','{\"request\":{\"roomId\":\"47228ffc-84cf-4579-b8c9-4a0de1a68c27\",\"playerId\":\"2\",\"word\":\"cake\",\"wordLevel\":\"P1\"},\"response\":{\"accepted\":true,\"scoreDelta\":18,\"combo\":22,\"message\":\"accepted\",\"boardDelta\":{\"filled\":[{\"x\":6,\"y\":0,\"value\":\"Q\"},{\"x\":7,\"y\":2,\"value\":\"S\"},{\"x\":7,\"y\":1,\"value\":\"W\"},{\"x\":7,\"y\":0,\"value\":\"J\"}],\"cleared\":[{\"x\":7,\"y\":3,\"value\":null},{\"x\":7,\"y\":2,\"value\":null},{\"x\":7,\"y\":1,\"value\":null},{\"x\":6,\"y\":1,\"value\":null}],\"board\":[[\"C\",\"F\",\"K\",\"K\",\"Q\",\"Y\",\"Q\",\"J\"],[\"A\",\"O\",\"B\",\"B\",\"U\",\"A\",\"S\",\"W\"],[\"T\",\"C\",\"G\",\"A\",\"K\",\"L\",\"X\",\"S\"],[\"T\",\"D\",\"S\",\"Y\",\"Q\",\"F\",\"Q\",\"I\"],[\"P\",\"F\",\"G\",\"Q\",\"U\",\"F\",\"A\",\"T\"],[\"H\",\"Q\",\"G\",\"Y\",\"C\",\"O\",\"K\",\"U\"],[\"W\",\"Z\",\"Z\",\"K\",\"R\",\"S\",\"U\",\"D\"],[\"E\",\"V\",\"I\",\"L\",\"R\",\"F\",\"O\",\"S\"]]}}}','2026-01-29 22:28:09'),(184,45,'cd440543-5f4d-4b64-91c9-87e89703f22f',1,'MATCH_START','{\"roomId\":\"cd440543-5f4d-4b64-91c9-87e89703f22f\",\"mode\":\"SOLO\",\"status\":\"RUNNING\",\"maxPlayers\":1,\"players\":[\"2\"],\"scores\":{\"2\":0}}','2026-01-30 14:33:22'),(185,46,'2036b882-1c46-48e7-89b4-991c9c841d15',1,'MATCH_START','{\"roomId\":\"2036b882-1c46-48e7-89b4-991c9c841d15\",\"mode\":\"SOLO\",\"status\":\"RUNNING\",\"maxPlayers\":1,\"players\":[\"2\"],\"scores\":{\"2\":0}}','2026-01-30 14:34:05'),(186,46,'2036b882-1c46-48e7-89b4-991c9c841d15',2,'WORD_CLEAR','{\"request\":{\"roomId\":\"2036b882-1c46-48e7-89b4-991c9c841d15\",\"playerId\":\"2\",\"word\":\"leg\",\"wordLevel\":\"P1\"},\"response\":{\"accepted\":true,\"scoreDelta\":8,\"combo\":1,\"message\":\"accepted\",\"boardDelta\":{\"filled\":[{\"x\":5,\"y\":2,\"value\":\"J\"},{\"x\":5,\"y\":1,\"value\":\"S\"},{\"x\":5,\"y\":0,\"value\":\"A\"}],\"cleared\":[{\"x\":5,\"y\":1,\"value\":null},{\"x\":5,\"y\":2,\"value\":null},{\"x\":5,\"y\":3,\"value\":null}],\"board\":[[\"H\",\"O\",\"U\",\"O\",\"C\",\"A\",\"P\",\"I\"],[\"H\",\"M\",\"I\",\"A\",\"L\",\"S\",\"R\",\"K\"],[\"T\",\"N\",\"L\",\"T\",\"A\",\"J\",\"X\",\"Y\"],[\"O\",\"G\",\"I\",\"Z\",\"V\",\"A\",\"W\",\"P\"],[\"N\",\"B\",\"A\",\"W\",\"S\",\"C\",\"C\",\"X\"],[\"G\",\"V\",\"G\",\"Z\",\"B\",\"B\",\"V\",\"E\"],[\"X\",\"W\",\"H\",\"V\",\"K\",\"L\",\"D\",\"U\"],[\"W\",\"E\",\"W\",\"T\",\"V\",\"Q\",\"Y\",\"I\"]]}}}','2026-01-30 14:38:06'),(187,46,'2036b882-1c46-48e7-89b4-991c9c841d15',3,'WORD_CLEAR','{\"request\":{\"roomId\":\"2036b882-1c46-48e7-89b4-991c9c841d15\",\"playerId\":\"2\",\"word\":\"coat\",\"wordLevel\":\"P1\"},\"response\":{\"accepted\":true,\"scoreDelta\":12,\"combo\":2,\"message\":\"accepted\",\"boardDelta\":{\"filled\":[{\"x\":3,\"y\":2,\"value\":\"C\"},{\"x\":3,\"y\":1,\"value\":\"P\"},{\"x\":3,\"y\":0,\"value\":\"D\"},{\"x\":4,\"y\":0,\"value\":\"H\"}],\"cleared\":[{\"x\":4,\"y\":0,\"value\":null},{\"x\":3,\"y\":0,\"value\":null},{\"x\":3,\"y\":1,\"value\":null},{\"x\":3,\"y\":2,\"value\":null}],\"board\":[[\"H\",\"O\",\"U\",\"D\",\"H\",\"A\",\"P\",\"I\"],[\"H\",\"M\",\"I\",\"P\",\"L\",\"S\",\"R\",\"K\"],[\"T\",\"N\",\"L\",\"C\",\"A\",\"J\",\"X\",\"Y\"],[\"O\",\"G\",\"I\",\"Z\",\"V\",\"A\",\"W\",\"P\"],[\"N\",\"B\",\"A\",\"W\",\"S\",\"C\",\"C\",\"X\"],[\"G\",\"V\",\"G\",\"Z\",\"B\",\"B\",\"V\",\"E\"],[\"X\",\"W\",\"H\",\"V\",\"K\",\"L\",\"D\",\"U\"],[\"W\",\"E\",\"W\",\"T\",\"V\",\"Q\",\"Y\",\"I\"]]}}}','2026-01-30 14:38:09'),(188,46,'2036b882-1c46-48e7-89b4-991c9c841d15',4,'WORD_CLEAR','{\"request\":{\"roomId\":\"2036b882-1c46-48e7-89b4-991c9c841d15\",\"playerId\":\"2\",\"word\":\"bag\",\"wordLevel\":\"P1\"},\"response\":{\"accepted\":true,\"scoreDelta\":12,\"combo\":3,\"message\":\"accepted\",\"boardDelta\":{\"filled\":[],\"cleared\":[],\"board\":[[\"V\",\"Y\",\"E\",\"G\",\"G\",\"H\",\"U\",\"Z\"],[\"A\",\"T\",\"T\",\"X\",\"A\",\"I\",\"T\",\"R\"],[\"O\",\"C\",\"A\",\"R\",\"R\",\"D\",\"T\",\"G\"],[\"K\",\"M\",\"H\",\"M\",\"Y\",\"B\",\"I\",\"B\"],[\"V\",\"A\",\"Q\",\"D\",\"A\",\"N\",\"M\",\"M\"],[\"U\",\"E\",\"T\",\"P\",\"E\",\"H\",\"G\",\"Z\"],[\"B\",\"P\",\"G\",\"G\",\"Y\",\"A\",\"B\",\"G\"],[\"N\",\"A\",\"R\",\"L\",\"T\",\"C\",\"G\",\"D\"]]}}}','2026-01-30 14:38:18'),(189,46,'2036b882-1c46-48e7-89b4-991c9c841d15',5,'WORD_CLEAR','{\"request\":{\"roomId\":\"2036b882-1c46-48e7-89b4-991c9c841d15\",\"playerId\":\"2\",\"word\":\"grape\",\"wordLevel\":\"P1\"},\"response\":{\"accepted\":true,\"scoreDelta\":18,\"combo\":4,\"message\":\"accepted\",\"boardDelta\":{\"filled\":[{\"x\":1,\"y\":2,\"value\":\"Q\"},{\"x\":1,\"y\":1,\"value\":\"B\"},{\"x\":1,\"y\":0,\"value\":\"J\"},{\"x\":2,\"y\":1,\"value\":\"T\"},{\"x\":2,\"y\":0,\"value\":\"Q\"}],\"cleared\":[{\"x\":2,\"y\":6,\"value\":null},{\"x\":2,\"y\":7,\"value\":null},{\"x\":1,\"y\":7,\"value\":null},{\"x\":1,\"y\":6,\"value\":null},{\"x\":1,\"y\":5,\"value\":null}],\"board\":[[\"V\",\"J\",\"Q\",\"G\",\"G\",\"H\",\"U\",\"Z\"],[\"A\",\"B\",\"T\",\"X\",\"A\",\"I\",\"T\",\"R\"],[\"O\",\"Q\",\"E\",\"R\",\"R\",\"D\",\"T\",\"G\"],[\"K\",\"Y\",\"T\",\"M\",\"Y\",\"B\",\"I\",\"B\"],[\"V\",\"T\",\"A\",\"D\",\"A\",\"N\",\"M\",\"M\"],[\"U\",\"C\",\"H\",\"P\",\"E\",\"H\",\"G\",\"Z\"],[\"B\",\"M\",\"Q\",\"G\",\"Y\",\"A\",\"B\",\"G\"],[\"N\",\"A\",\"T\",\"L\",\"T\",\"C\",\"G\",\"D\"]]}}}','2026-01-30 14:38:33'),(190,46,'2036b882-1c46-48e7-89b4-991c9c841d15',6,'WORD_CLEAR','{\"request\":{\"roomId\":\"2036b882-1c46-48e7-89b4-991c9c841d15\",\"playerId\":\"2\",\"word\":\"hat\",\"wordLevel\":\"P1\"},\"response\":{\"accepted\":true,\"scoreDelta\":16,\"combo\":5,\"message\":\"accepted\",\"boardDelta\":{\"filled\":[{\"x\":1,\"y\":0,\"value\":\"V\"},{\"x\":2,\"y\":1,\"value\":\"V\"},{\"x\":2,\"y\":0,\"value\":\"Y\"}],\"cleared\":[{\"x\":2,\"y\":5,\"value\":null},{\"x\":2,\"y\":4,\"value\":null},{\"x\":1,\"y\":4,\"value\":null}],\"board\":[[\"V\",\"V\",\"Y\",\"G\",\"G\",\"H\",\"U\",\"Z\"],[\"A\",\"J\",\"V\",\"X\",\"A\",\"I\",\"T\",\"R\"],[\"O\",\"B\",\"Q\",\"R\",\"R\",\"D\",\"T\",\"G\"],[\"K\",\"Q\",\"T\",\"M\",\"Y\",\"B\",\"I\",\"B\"],[\"V\",\"Y\",\"E\",\"D\",\"A\",\"N\",\"M\",\"M\"],[\"U\",\"C\",\"T\",\"P\",\"E\",\"H\",\"G\",\"Z\"],[\"B\",\"M\",\"Q\",\"G\",\"Y\",\"A\",\"B\",\"G\"],[\"N\",\"A\",\"T\",\"L\",\"T\",\"C\",\"G\",\"D\"]]}}}','2026-01-30 14:38:36'),(191,47,'aa01e2b9-ab85-4f6b-8550-83c061671928',1,'MATCH_START','{\"roomId\":\"aa01e2b9-ab85-4f6b-8550-83c061671928\",\"mode\":\"SOLO\",\"status\":\"RUNNING\",\"maxPlayers\":1,\"players\":[\"2\"],\"scores\":{\"2\":0}}','2026-01-30 14:39:00'),(192,47,'aa01e2b9-ab85-4f6b-8550-83c061671928',2,'WORD_CLEAR','{\"request\":{\"roomId\":\"aa01e2b9-ab85-4f6b-8550-83c061671928\",\"playerId\":\"2\",\"word\":\"eye\",\"wordLevel\":\"P1\"},\"response\":{\"accepted\":true,\"scoreDelta\":8,\"combo\":1,\"message\":\"accepted\",\"boardDelta\":{\"filled\":[{\"x\":0,\"y\":1,\"value\":\"N\"},{\"x\":0,\"y\":0,\"value\":\"R\"},{\"x\":1,\"y\":0,\"value\":\"B\"}],\"cleared\":[{\"x\":1,\"y\":3,\"value\":null},{\"x\":0,\"y\":3,\"value\":null},{\"x\":0,\"y\":4,\"value\":null}],\"board\":[[\"R\",\"B\",\"N\",\"A\",\"R\",\"J\",\"I\",\"R\"],[\"N\",\"O\",\"Q\",\"O\",\"M\",\"V\",\"G\",\"G\"],[\"E\",\"A\",\"U\",\"I\",\"T\",\"F\",\"N\",\"U\"],[\"C\",\"E\",\"A\",\"C\",\"K\",\"E\",\"Z\",\"H\"],[\"T\",\"L\",\"Y\",\"L\",\"A\",\"R\",\"D\",\"Z\"],[\"S\",\"B\",\"C\",\"C\",\"C\",\"A\",\"E\",\"W\"],[\"H\",\"V\",\"T\",\"A\",\"U\",\"K\",\"V\",\"U\"],[\"C\",\"T\",\"H\",\"E\",\"H\",\"T\",\"G\",\"V\"]]}}}','2026-01-30 14:47:21'),(193,47,'aa01e2b9-ab85-4f6b-8550-83c061671928',3,'WORD_CLEAR','{\"request\":{\"roomId\":\"aa01e2b9-ab85-4f6b-8550-83c061671928\",\"playerId\":\"2\",\"word\":\"arm\",\"wordLevel\":\"P1\"},\"response\":{\"accepted\":true,\"scoreDelta\":10,\"combo\":2,\"message\":\"accepted\",\"boardDelta\":{\"filled\":[{\"x\":3,\"y\":0,\"value\":\"E\"},{\"x\":4,\"y\":1,\"value\":\"I\"},{\"x\":4,\"y\":0,\"value\":\"L\"}],\"cleared\":[{\"x\":3,\"y\":0,\"value\":null},{\"x\":4,\"y\":0,\"value\":null},{\"x\":4,\"y\":1,\"value\":null}],\"board\":[[\"R\",\"B\",\"N\",\"E\",\"L\",\"J\",\"I\",\"R\"],[\"N\",\"O\",\"Q\",\"O\",\"I\",\"V\",\"G\",\"G\"],[\"E\",\"A\",\"U\",\"I\",\"T\",\"F\",\"N\",\"U\"],[\"C\",\"E\",\"A\",\"C\",\"K\",\"E\",\"Z\",\"H\"],[\"T\",\"L\",\"Y\",\"L\",\"A\",\"R\",\"D\",\"Z\"],[\"S\",\"B\",\"C\",\"C\",\"C\",\"A\",\"E\",\"W\"],[\"H\",\"V\",\"T\",\"A\",\"U\",\"K\",\"V\",\"U\"],[\"C\",\"T\",\"H\",\"E\",\"H\",\"T\",\"G\",\"V\"]]}}}','2026-01-30 14:48:43'),(194,47,'aa01e2b9-ab85-4f6b-8550-83c061671928',4,'WORD_CLEAR','{\"request\":{\"roomId\":\"aa01e2b9-ab85-4f6b-8550-83c061671928\",\"playerId\":\"2\",\"word\":\"cake\",\"wordLevel\":\"P1\"},\"response\":{\"accepted\":true,\"scoreDelta\":14,\"combo\":3,\"message\":\"accepted\",\"boardDelta\":{\"filled\":[{\"x\":4,\"y\":2,\"value\":\"J\"},{\"x\":4,\"y\":1,\"value\":\"F\"},{\"x\":4,\"y\":0,\"value\":\"P\"},{\"x\":5,\"y\":0,\"value\":\"G\"}],\"cleared\":[{\"x\":4,\"y\":5,\"value\":null},{\"x\":4,\"y\":4,\"value\":null},{\"x\":4,\"y\":3,\"value\":null},{\"x\":5,\"y\":3,\"value\":null}],\"board\":[[\"R\",\"B\",\"N\",\"E\",\"P\",\"G\",\"I\",\"R\"],[\"N\",\"O\",\"Q\",\"O\",\"F\",\"J\",\"G\",\"G\"],[\"E\",\"A\",\"U\",\"I\",\"J\",\"V\",\"N\",\"U\"],[\"C\",\"E\",\"A\",\"C\",\"L\",\"F\",\"Z\",\"H\"],[\"T\",\"L\",\"Y\",\"L\",\"I\",\"R\",\"D\",\"Z\"],[\"S\",\"B\",\"C\",\"C\",\"T\",\"A\",\"E\",\"W\"],[\"H\",\"V\",\"T\",\"A\",\"U\",\"K\",\"V\",\"U\"],[\"C\",\"T\",\"H\",\"E\",\"H\",\"T\",\"G\",\"V\"]]}}}','2026-01-30 14:50:45'),(195,47,'aa01e2b9-ab85-4f6b-8550-83c061671928',5,'WORD_CLEAR','{\"request\":{\"roomId\":\"aa01e2b9-ab85-4f6b-8550-83c061671928\",\"playerId\":\"2\",\"word\":\"egg\",\"wordLevel\":\"P1\"},\"response\":{\"accepted\":false,\"scoreDelta\":0,\"combo\":0,\"message\":\"word not on board\",\"boardDelta\":null}}','2026-01-30 14:50:58'),(196,47,'aa01e2b9-ab85-4f6b-8550-83c061671928',6,'WORD_CLEAR','{\"request\":{\"roomId\":\"aa01e2b9-ab85-4f6b-8550-83c061671928\",\"playerId\":\"2\",\"word\":\"meat\",\"wordLevel\":\"P1\"},\"response\":{\"accepted\":false,\"scoreDelta\":0,\"combo\":0,\"message\":\"word not on board\",\"boardDelta\":null}}','2026-01-30 14:51:28'),(197,48,'ae5a81ad-e6ee-4620-9310-d53a8c333b0c',1,'MATCH_START','{\"roomId\":\"ae5a81ad-e6ee-4620-9310-d53a8c333b0c\",\"mode\":\"SOLO\",\"status\":\"RUNNING\",\"maxPlayers\":1,\"players\":[\"2\"],\"scores\":{\"2\":0}}','2026-01-30 14:53:34'),(198,49,'2b248065-2d77-4597-8e55-92867bbb7461',1,'MATCH_START','{\"roomId\":\"2b248065-2d77-4597-8e55-92867bbb7461\",\"mode\":\"SOLO\",\"status\":\"RUNNING\",\"maxPlayers\":1,\"players\":[\"2\"],\"scores\":{\"2\":0}}','2026-01-30 14:54:41'),(199,49,'2b248065-2d77-4597-8e55-92867bbb7461',2,'WORD_CLEAR','{\"request\":{\"roomId\":\"2b248065-2d77-4597-8e55-92867bbb7461\",\"playerId\":\"2\",\"word\":\"arm\",\"wordLevel\":\"P1\"},\"response\":{\"accepted\":true,\"scoreDelta\":8,\"combo\":1,\"message\":\"accepted\",\"boardDelta\":{\"filled\":[{\"x\":5,\"y\":0,\"value\":\"A\"},{\"x\":6,\"y\":1,\"value\":\"Y\"},{\"x\":6,\"y\":0,\"value\":\"Q\"}],\"cleared\":[{\"x\":5,\"y\":6,\"value\":null},{\"x\":6,\"y\":6,\"value\":null},{\"x\":6,\"y\":7,\"value\":null}],\"board\":[[\"Q\",\"U\",\"Z\",\"W\",\"N\",\"A\",\"Q\",\"F\"],[\"G\",\"Y\",\"T\",\"N\",\"B\",\"I\",\"Y\",\"O\"],[\"L\",\"F\",\"W\",\"E\",\"O\",\"H\",\"E\",\"C\"],[\"C\",\"S\",\"E\",\"Y\",\"X\",\"W\",\"L\",\"V\"],[\"U\",\"O\",\"X\",\"D\",\"G\",\"J\",\"J\",\"A\"],[\"P\",\"K\",\"H\",\"O\",\"S\",\"H\",\"O\",\"O\"],[\"A\",\"C\",\"N\",\"U\",\"Z\",\"K\",\"J\",\"A\"],[\"B\",\"L\",\"B\",\"V\",\"P\",\"F\",\"L\",\"D\"]]}}}','2026-01-30 14:55:05'),(200,49,'2b248065-2d77-4597-8e55-92867bbb7461',3,'WORD_CLEAR','{\"request\":{\"roomId\":\"2b248065-2d77-4597-8e55-92867bbb7461\",\"playerId\":\"2\",\"word\":\"eye\",\"wordLevel\":\"P1\"},\"response\":{\"accepted\":true,\"scoreDelta\":10,\"combo\":2,\"message\":\"accepted\",\"boardDelta\":{\"filled\":[{\"x\":2,\"y\":0,\"value\":\"C\"},{\"x\":3,\"y\":1,\"value\":\"J\"},{\"x\":3,\"y\":0,\"value\":\"F\"}],\"cleared\":[{\"x\":3,\"y\":2,\"value\":null},{\"x\":3,\"y\":3,\"value\":null},{\"x\":2,\"y\":3,\"value\":null}],\"board\":[[\"Q\",\"U\",\"C\",\"F\",\"N\",\"A\",\"Q\",\"F\"],[\"G\",\"Y\",\"Z\",\"J\",\"B\",\"I\",\"Y\",\"O\"],[\"L\",\"F\",\"T\",\"W\",\"O\",\"H\",\"E\",\"C\"],[\"C\",\"S\",\"W\",\"N\",\"X\",\"W\",\"L\",\"V\"],[\"U\",\"O\",\"X\",\"D\",\"G\",\"J\",\"J\",\"A\"],[\"P\",\"K\",\"H\",\"O\",\"S\",\"H\",\"O\",\"O\"],[\"A\",\"C\",\"N\",\"U\",\"Z\",\"K\",\"J\",\"A\"],[\"B\",\"L\",\"B\",\"V\",\"P\",\"F\",\"L\",\"D\"]]}}}','2026-01-30 14:55:36'),(201,49,'2b248065-2d77-4597-8e55-92867bbb7461',4,'WORD_CLEAR','{\"request\":{\"roomId\":\"2b248065-2d77-4597-8e55-92867bbb7461\",\"playerId\":\"2\",\"word\":\"ear\",\"wordLevel\":\"P1\"},\"response\":{\"accepted\":false,\"scoreDelta\":0,\"combo\":0,\"message\":\"word not on board\",\"boardDelta\":null}}','2026-01-30 14:57:28'),(202,49,'2b248065-2d77-4597-8e55-92867bbb7461',5,'WORD_CLEAR','{\"request\":{\"roomId\":\"2b248065-2d77-4597-8e55-92867bbb7461\",\"playerId\":\"2\",\"word\":\"nose\",\"wordLevel\":\"P1\"},\"response\":{\"accepted\":false,\"scoreDelta\":0,\"combo\":0,\"message\":\"word not on board\",\"boardDelta\":null}}','2026-01-30 14:57:34'),(203,49,'2b248065-2d77-4597-8e55-92867bbb7461',6,'WORD_CLEAR','{\"request\":{\"roomId\":\"2b248065-2d77-4597-8e55-92867bbb7461\",\"playerId\":\"2\",\"word\":\"leg\",\"wordLevel\":\"P1\"},\"response\":{\"accepted\":false,\"scoreDelta\":0,\"combo\":0,\"message\":\"word not on board\",\"boardDelta\":null}}','2026-01-30 14:57:39'),(204,49,'2b248065-2d77-4597-8e55-92867bbb7461',7,'WORD_CLEAR','{\"request\":{\"roomId\":\"2b248065-2d77-4597-8e55-92867bbb7461\",\"playerId\":\"2\",\"word\":\"head\",\"wordLevel\":\"P1\"},\"response\":{\"accepted\":false,\"scoreDelta\":0,\"combo\":0,\"message\":\"word not on board\",\"boardDelta\":null}}','2026-01-30 14:57:48'),(205,49,'2b248065-2d77-4597-8e55-92867bbb7461',8,'WORD_CLEAR','{\"request\":{\"roomId\":\"2b248065-2d77-4597-8e55-92867bbb7461\",\"playerId\":\"2\",\"word\":\"back\",\"wordLevel\":\"P1\"},\"response\":{\"accepted\":true,\"scoreDelta\":10,\"combo\":1,\"message\":\"accepted\",\"boardDelta\":{\"filled\":[{\"x\":0,\"y\":1,\"value\":\"V\"},{\"x\":0,\"y\":0,\"value\":\"F\"},{\"x\":1,\"y\":1,\"value\":\"N\"},{\"x\":1,\"y\":0,\"value\":\"P\"}],\"cleared\":[{\"x\":0,\"y\":7,\"value\":null},{\"x\":0,\"y\":6,\"value\":null},{\"x\":1,\"y\":6,\"value\":null},{\"x\":1,\"y\":5,\"value\":null}],\"board\":[[\"F\",\"P\",\"C\",\"F\",\"N\",\"A\",\"Q\",\"F\"],[\"V\",\"N\",\"Z\",\"J\",\"B\",\"I\",\"Y\",\"O\"],[\"Q\",\"U\",\"T\",\"W\",\"O\",\"H\",\"E\",\"C\"],[\"G\",\"Y\",\"W\",\"N\",\"X\",\"W\",\"L\",\"V\"],[\"L\",\"F\",\"X\",\"D\",\"G\",\"J\",\"J\",\"A\"],[\"C\",\"S\",\"H\",\"O\",\"S\",\"H\",\"O\",\"O\"],[\"U\",\"O\",\"N\",\"U\",\"Z\",\"K\",\"J\",\"A\"],[\"P\",\"L\",\"B\",\"V\",\"P\",\"F\",\"L\",\"D\"]]}}}','2026-01-30 14:57:52'),(206,49,'2b248065-2d77-4597-8e55-92867bbb7461',9,'WORD_CLEAR','{\"request\":{\"roomId\":\"2b248065-2d77-4597-8e55-92867bbb7461\",\"playerId\":\"2\",\"word\":\"adventure\",\"wordLevel\":\"P2\"},\"response\":{\"accepted\":false,\"scoreDelta\":0,\"combo\":0,\"message\":\"word not on board\",\"boardDelta\":null}}','2026-01-30 14:58:52'),(207,49,'2b248065-2d77-4597-8e55-92867bbb7461',10,'WORD_CLEAR','{\"request\":{\"roomId\":\"2b248065-2d77-4597-8e55-92867bbb7461\",\"playerId\":\"2\",\"word\":\"balance\",\"wordLevel\":\"P2\"},\"response\":{\"accepted\":false,\"scoreDelta\":0,\"combo\":0,\"message\":\"word not on board\",\"boardDelta\":null}}','2026-01-30 14:58:58'),(208,49,'2b248065-2d77-4597-8e55-92867bbb7461',11,'WORD_CLEAR','{\"request\":{\"roomId\":\"2b248065-2d77-4597-8e55-92867bbb7461\",\"playerId\":\"2\",\"word\":\"challenge\",\"wordLevel\":\"P2\"},\"response\":{\"accepted\":false,\"scoreDelta\":0,\"combo\":0,\"message\":\"word not on board\",\"boardDelta\":null}}','2026-01-30 14:59:03'),(209,49,'2b248065-2d77-4597-8e55-92867bbb7461',12,'WORD_CLEAR','{\"request\":{\"roomId\":\"2b248065-2d77-4597-8e55-92867bbb7461\",\"playerId\":\"2\",\"word\":\"distance\",\"wordLevel\":\"P2\"},\"response\":{\"accepted\":false,\"scoreDelta\":0,\"combo\":0,\"message\":\"word not on board\",\"boardDelta\":null}}','2026-01-30 14:59:09'),(210,49,'2b248065-2d77-4597-8e55-92867bbb7461',13,'WORD_CLEAR','{\"request\":{\"roomId\":\"2b248065-2d77-4597-8e55-92867bbb7461\",\"playerId\":\"2\",\"word\":\"excellent\",\"wordLevel\":\"P2\"},\"response\":{\"accepted\":false,\"scoreDelta\":0,\"combo\":0,\"message\":\"word not on board\",\"boardDelta\":null}}','2026-01-30 14:59:59'),(211,49,'2b248065-2d77-4597-8e55-92867bbb7461',14,'WORD_CLEAR','{\"request\":{\"roomId\":\"2b248065-2d77-4597-8e55-92867bbb7461\",\"playerId\":\"2\",\"word\":\"favourite\",\"wordLevel\":\"P2\"},\"response\":{\"accepted\":false,\"scoreDelta\":0,\"combo\":0,\"message\":\"word not on board\",\"boardDelta\":null}}','2026-01-30 15:00:04'),(212,49,'2b248065-2d77-4597-8e55-92867bbb7461',15,'WORD_CLEAR','{\"request\":{\"roomId\":\"2b248065-2d77-4597-8e55-92867bbb7461\",\"playerId\":\"2\",\"word\":\"government\",\"wordLevel\":\"P2\"},\"response\":{\"accepted\":false,\"scoreDelta\":0,\"combo\":0,\"message\":\"word not on board\",\"boardDelta\":null}}','2026-01-30 15:00:09'),(213,49,'2b248065-2d77-4597-8e55-92867bbb7461',16,'WORD_CLEAR','{\"request\":{\"roomId\":\"2b248065-2d77-4597-8e55-92867bbb7461\",\"playerId\":\"2\",\"word\":\"hospital\",\"wordLevel\":\"P2\"},\"response\":{\"accepted\":false,\"scoreDelta\":0,\"combo\":0,\"message\":\"word not on board\",\"boardDelta\":null}}','2026-01-30 15:00:17'),(214,49,'2b248065-2d77-4597-8e55-92867bbb7461',17,'WORD_CLEAR','{\"request\":{\"roomId\":\"2b248065-2d77-4597-8e55-92867bbb7461\",\"playerId\":\"2\",\"word\":\"hospital\",\"wordLevel\":\"P2\"},\"response\":{\"accepted\":false,\"scoreDelta\":0,\"combo\":0,\"message\":\"word not on board\",\"boardDelta\":null}}','2026-01-30 15:00:23'),(215,49,'2b248065-2d77-4597-8e55-92867bbb7461',18,'WORD_CLEAR','{\"request\":{\"roomId\":\"2b248065-2d77-4597-8e55-92867bbb7461\",\"playerId\":\"2\",\"word\":\"imagine\",\"wordLevel\":\"P2\"},\"response\":{\"accepted\":false,\"scoreDelta\":0,\"combo\":0,\"message\":\"word not on board\",\"boardDelta\":null}}','2026-01-30 15:00:25'),(216,49,'2b248065-2d77-4597-8e55-92867bbb7461',19,'WORD_CLEAR','{\"request\":{\"roomId\":\"2b248065-2d77-4597-8e55-92867bbb7461\",\"playerId\":\"2\",\"word\":\"knowledge\",\"wordLevel\":\"P2\"},\"response\":{\"accepted\":false,\"scoreDelta\":0,\"combo\":0,\"message\":\"word not on board\",\"boardDelta\":null}}','2026-01-30 15:00:29'),(217,49,'2b248065-2d77-4597-8e55-92867bbb7461',20,'WORD_CLEAR','{\"request\":{\"roomId\":\"2b248065-2d77-4597-8e55-92867bbb7461\",\"playerId\":\"2\",\"word\":\"language\",\"wordLevel\":\"P2\"},\"response\":{\"accepted\":false,\"scoreDelta\":0,\"combo\":0,\"message\":\"word not on board\",\"boardDelta\":null}}','2026-01-30 15:00:40'),(218,49,'2b248065-2d77-4597-8e55-92867bbb7461',21,'WORD_CLEAR','{\"request\":{\"roomId\":\"2b248065-2d77-4597-8e55-92867bbb7461\",\"playerId\":\"2\",\"word\":\"mountain\",\"wordLevel\":\"P2\"},\"response\":{\"accepted\":false,\"scoreDelta\":0,\"combo\":0,\"message\":\"word not on board\",\"boardDelta\":null}}','2026-01-30 15:00:48'),(219,49,'2b248065-2d77-4597-8e55-92867bbb7461',22,'WORD_CLEAR','{\"request\":{\"roomId\":\"2b248065-2d77-4597-8e55-92867bbb7461\",\"playerId\":\"2\",\"word\":\"notebook\",\"wordLevel\":\"P2\"},\"response\":{\"accepted\":false,\"scoreDelta\":0,\"combo\":0,\"message\":\"word not on board\",\"boardDelta\":null}}','2026-01-30 15:00:52'),(220,49,'2b248065-2d77-4597-8e55-92867bbb7461',23,'WORD_CLEAR','{\"request\":{\"roomId\":\"2b248065-2d77-4597-8e55-92867bbb7461\",\"playerId\":\"2\",\"word\":\"opposite\",\"wordLevel\":\"P2\"},\"response\":{\"accepted\":false,\"scoreDelta\":0,\"combo\":0,\"message\":\"word not on board\",\"boardDelta\":null}}','2026-01-30 15:00:56'),(221,49,'2b248065-2d77-4597-8e55-92867bbb7461',24,'WORD_CLEAR','{\"request\":{\"roomId\":\"2b248065-2d77-4597-8e55-92867bbb7461\",\"playerId\":\"2\",\"word\":\"opposite\",\"wordLevel\":\"P2\"},\"response\":{\"accepted\":false,\"scoreDelta\":0,\"combo\":0,\"message\":\"word not on board\",\"boardDelta\":null}}','2026-01-30 15:01:14'),(222,49,'2b248065-2d77-4597-8e55-92867bbb7461',25,'WORD_CLEAR','{\"request\":{\"roomId\":\"2b248065-2d77-4597-8e55-92867bbb7461\",\"playerId\":\"2\",\"word\":\"possible\",\"wordLevel\":\"P2\"},\"response\":{\"accepted\":false,\"scoreDelta\":0,\"combo\":0,\"message\":\"word not on board\",\"boardDelta\":null}}','2026-01-30 15:01:19'),(223,49,'2b248065-2d77-4597-8e55-92867bbb7461',26,'WORD_CLEAR','{\"request\":{\"roomId\":\"2b248065-2d77-4597-8e55-92867bbb7461\",\"playerId\":\"2\",\"word\":\"question\",\"wordLevel\":\"P2\"},\"response\":{\"accepted\":false,\"scoreDelta\":0,\"combo\":0,\"message\":\"word not on board\",\"boardDelta\":null}}','2026-01-30 15:01:23'),(224,49,'2b248065-2d77-4597-8e55-92867bbb7461',27,'WORD_CLEAR','{\"request\":{\"roomId\":\"2b248065-2d77-4597-8e55-92867bbb7461\",\"playerId\":\"2\",\"word\":\"remember\",\"wordLevel\":\"P2\"},\"response\":{\"accepted\":false,\"scoreDelta\":0,\"combo\":0,\"message\":\"word not on board\",\"boardDelta\":null}}','2026-01-30 15:01:29'),(225,49,'2b248065-2d77-4597-8e55-92867bbb7461',28,'WORD_CLEAR','{\"request\":{\"roomId\":\"2b248065-2d77-4597-8e55-92867bbb7461\",\"playerId\":\"2\",\"word\":\"standard\",\"wordLevel\":\"P2\"},\"response\":{\"accepted\":false,\"scoreDelta\":0,\"combo\":0,\"message\":\"word not on board\",\"boardDelta\":null}}','2026-01-30 15:01:32'),(226,49,'2b248065-2d77-4597-8e55-92867bbb7461',29,'WORD_CLEAR','{\"request\":{\"roomId\":\"2b248065-2d77-4597-8e55-92867bbb7461\",\"playerId\":\"2\",\"word\":\"together\",\"wordLevel\":\"P2\"},\"response\":{\"accepted\":false,\"scoreDelta\":0,\"combo\":0,\"message\":\"word not on board\",\"boardDelta\":null}}','2026-01-30 15:01:35'),(227,49,'2b248065-2d77-4597-8e55-92867bbb7461',30,'WORD_CLEAR','{\"request\":{\"roomId\":\"2b248065-2d77-4597-8e55-92867bbb7461\",\"playerId\":\"2\",\"word\":\"understand\",\"wordLevel\":\"P2\"},\"response\":{\"accepted\":false,\"scoreDelta\":0,\"combo\":0,\"message\":\"word not on board\",\"boardDelta\":null}}','2026-01-30 15:01:39'),(228,50,'6deea511-be0c-45d4-a474-de7060bdc7ce',1,'MATCH_START','{\"roomId\":\"6deea511-be0c-45d4-a474-de7060bdc7ce\",\"mode\":\"SOLO\",\"status\":\"RUNNING\",\"maxPlayers\":1,\"players\":[\"2\"],\"scores\":{\"2\":0}}','2026-01-30 15:09:12');
/*!40000 ALTER TABLE `game_word_match_battle_event` ENABLE KEYS */;
UNLOCK TABLES;

--
-- Table structure for table `game_word_match_rank_profile`
--

DROP TABLE IF EXISTS `game_word_match_rank_profile`;
/*!40101 SET @saved_cs_client     = @@character_set_client */;
/*!40101 SET character_set_client = utf8 */;
CREATE TABLE `game_word_match_rank_profile` (
  `id` bigint(20) NOT NULL AUTO_INCREMENT,
  `player_id` varchar(64) NOT NULL,
  `rank_score` int(11) DEFAULT NULL,
  `wins` int(11) DEFAULT NULL,
  `losses` int(11) DEFAULT NULL,
  `updated_time` datetime DEFAULT NULL,
  `created_time` datetime DEFAULT NULL,
  PRIMARY KEY (`id`),
  UNIQUE KEY `uk_player_id` (`player_id`)
) ENGINE=InnoDB DEFAULT CHARSET=utf8mb4;
/*!40101 SET character_set_client = @saved_cs_client */;

--
-- Dumping data for table `game_word_match_rank_profile`
--

LOCK TABLES `game_word_match_rank_profile` WRITE;
/*!40000 ALTER TABLE `game_word_match_rank_profile` DISABLE KEYS */;
/*!40000 ALTER TABLE `game_word_match_rank_profile` ENABLE KEYS */;
UNLOCK TABLES;

--
-- Table structure for table `game_word_match_word`
--

DROP TABLE IF EXISTS `game_word_match_word`;
/*!40101 SET @saved_cs_client     = @@character_set_client */;
/*!40101 SET character_set_client = utf8 */;
CREATE TABLE `game_word_match_word` (
  `id` bigint(20) NOT NULL AUTO_INCREMENT,
  `word` varchar(128) NOT NULL,
  `meaning` varchar(512) DEFAULT NULL,
  `level` varchar(32) DEFAULT NULL,
  `freq` double DEFAULT NULL,
  `updated_time` datetime DEFAULT NULL,
  `created_time` datetime DEFAULT NULL,
  PRIMARY KEY (`id`),
  UNIQUE KEY `uk_word_level` (`word`,`level`),
  KEY `idx_level` (`level`)
) ENGINE=InnoDB AUTO_INCREMENT=551 DEFAULT CHARSET=utf8mb4;
/*!40101 SET character_set_client = @saved_cs_client */;

--
-- Dumping data for table `game_word_match_word`
--

LOCK TABLES `game_word_match_word` WRITE;
/*!40000 ALTER TABLE `game_word_match_word` DISABLE KEYS */;
INSERT INTO `game_word_match_word` VALUES (501,'arm','手臂','P1',0.9,'2026-01-28 23:37:34','2026-01-28 23:37:34'),(502,'leg','腿','P1',0.8999,'2026-01-28 23:37:34','2026-01-28 23:37:34'),(503,'nose','鼻子','P1',0.8998,'2026-01-28 23:37:34','2026-01-28 23:37:34'),(504,'ear','耳朵','P1',0.8997,'2026-01-28 23:37:34','2026-01-28 23:37:34'),(505,'eye','眼睛','P1',0.8996,'2026-01-28 23:37:34','2026-01-28 23:37:34'),(506,'head','头','P1',0.8995,'2026-01-28 23:37:34','2026-01-28 23:37:34'),(507,'back','背部','P1',0.8994,'2026-01-28 23:37:34','2026-01-28 23:37:34'),(508,'desk','书桌','P1',0.8993,'2026-01-28 23:37:34','2026-01-28 23:37:34'),(509,'box','盒子','P1',0.8992,'2026-01-28 23:37:34','2026-01-28 23:37:34'),(510,'bag','包','P1',0.8991,'2026-01-28 23:37:34','2026-01-28 23:37:34'),(511,'hat','帽子','P1',0.899,'2026-01-28 23:37:34','2026-01-28 23:37:34'),(512,'coat','外套','P1',0.8989,'2026-01-28 23:37:34','2026-01-28 23:37:34'),(513,'cup','杯子','P1',0.8988,'2026-01-28 23:37:34','2026-01-28 23:37:34'),(514,'egg','鸡蛋','P1',0.8987,'2026-01-28 23:37:34','2026-01-28 23:37:34'),(515,'cake','蛋糕','P1',0.8986,'2026-01-28 23:37:34','2026-01-28 23:37:34'),(516,'meat','肉','P1',0.8985,'2026-01-28 23:37:34','2026-01-28 23:37:34'),(517,'rice','米饭','P1',0.8984,'2026-01-28 23:37:34','2026-01-28 23:37:34'),(518,'pear','梨','P1',0.8983,'2026-01-28 23:37:34','2026-01-28 23:37:34'),(519,'banana','香蕉','P1',0.8982,'2026-01-28 23:37:34','2026-01-28 23:37:34'),(520,'grape','葡萄','P1',0.8981,'2026-01-28 23:37:34','2026-01-28 23:37:34'),(521,'adventure','冒险','P2',0.85,'2026-01-28 23:37:34','2026-01-28 23:37:34'),(522,'balance','平衡','P2',0.8499,'2026-01-28 23:37:34','2026-01-28 23:37:34'),(523,'challenge','挑战','P2',0.8498,'2026-01-28 23:37:34','2026-01-28 23:37:34'),(524,'distance','距离','P2',0.8497,'2026-01-28 23:37:34','2026-01-28 23:37:34'),(525,'excellent','优秀的','P2',0.8496,'2026-01-28 23:37:34','2026-01-28 23:37:34'),(526,'favourite','最喜爱的','P2',0.8495,'2026-01-28 23:37:34','2026-01-28 23:37:34'),(527,'government','政府','P2',0.8494,'2026-01-28 23:37:34','2026-01-28 23:37:34'),(528,'hospital','医院','P2',0.8493,'2026-01-28 23:37:34','2026-01-28 23:37:34'),(529,'imagine','想象','P2',0.8492,'2026-01-28 23:37:34','2026-01-28 23:37:34'),(530,'knowledge','知识','P2',0.8491,'2026-01-28 23:37:34','2026-01-28 23:37:34'),(531,'language','语言','P2',0.849,'2026-01-28 23:37:34','2026-01-28 23:37:34'),(532,'mountain','山脉','P2',0.8489,'2026-01-28 23:37:34','2026-01-28 23:37:34'),(533,'notebook','笔记本','P2',0.8488,'2026-01-28 23:37:34','2026-01-28 23:37:34'),(534,'opposite','相反的','P2',0.8487,'2026-01-28 23:37:34','2026-01-28 23:37:34'),(535,'possible','可能的','P2',0.8486,'2026-01-28 23:37:34','2026-01-28 23:37:34'),(536,'question','问题','P2',0.8485,'2026-01-28 23:37:34','2026-01-28 23:37:34'),(537,'remember','记得','P2',0.8484,'2026-01-28 23:37:34','2026-01-28 23:37:34'),(538,'standard','标准的','P2',0.8483,'2026-01-28 23:37:34','2026-01-28 23:37:34'),(539,'together','一起','P2',0.8482,'2026-01-28 23:37:34','2026-01-28 23:37:34'),(540,'understand','理解','P2',0.8481,'2026-01-28 23:37:34','2026-01-28 23:37:34'),(541,'vacation','假期','P2',0.848,'2026-01-28 23:37:34','2026-01-28 23:37:34'),(542,'wonderful','精彩的','P2',0.8479,'2026-01-28 23:37:34','2026-01-28 23:37:34'),(543,'yesterday','昨天','P2',0.8478,'2026-01-28 23:37:34','2026-01-28 23:37:34'),(544,'ability','能力','P2',0.8477,'2026-01-28 23:37:34','2026-01-28 23:37:34'),(545,'believe','相信','P2',0.8476,'2026-01-28 23:37:34','2026-01-28 23:37:34'),(546,'calendar','日历','P2',0.8475,'2026-01-28 23:37:34','2026-01-28 23:37:34'),(547,'daughter','女儿','P2',0.8474,'2026-01-28 23:37:34','2026-01-28 23:37:34'),(548,'education','教育','P2',0.8473,'2026-01-28 23:37:34','2026-01-28 23:37:34'),(549,'festival','节日','P2',0.8472,'2026-01-28 23:37:34','2026-01-28 23:37:34'),(550,'graduate','毕业','P2',0.8471,'2026-01-28 23:37:34','2026-01-28 23:37:34');
/*!40000 ALTER TABLE `game_word_match_word` ENABLE KEYS */;
UNLOCK TABLES;
/*!40103 SET TIME_ZONE=@OLD_TIME_ZONE */;

/*!40101 SET SQL_MODE=@OLD_SQL_MODE */;
/*!40014 SET FOREIGN_KEY_CHECKS=@OLD_FOREIGN_KEY_CHECKS */;
/*!40014 SET UNIQUE_CHECKS=@OLD_UNIQUE_CHECKS */;
/*!40101 SET CHARACTER_SET_CLIENT=@OLD_CHARACTER_SET_CLIENT */;
/*!40101 SET CHARACTER_SET_RESULTS=@OLD_CHARACTER_SET_RESULTS */;
/*!40101 SET COLLATION_CONNECTION=@OLD_COLLATION_CONNECTION */;
/*!40111 SET SQL_NOTES=@OLD_SQL_NOTES */;

-- Dump completed on 2026-01-30 15:18:17
